hcp_id,user_id,product_id,hcp_name,territory,region,hcp_state,X,Y,hcp_state_fullname,city,specialty,sub_specialty,hcp_tier,practice_setting,years_in_practice,preferred_channel,segment,profile_persona,relationship_stage,adoption_stage,receptivity_score,churn_risk_score
HCP000001,USR000020,PRD000036,Dr. Margaret Hawkins DDS,US-AZ-NW,North,PA,3,9,Pennsylvania,Memphis,Oncology,Radiation Oncology,C,Integrated Delivery Network,24,Virtual,Low,cost-conscious prescriber,At-risk,0,39.54,0.32
HCP000002,USR000012,PRD000026,Dr. Patty Perez,US-FL-N,East,NC,5,9,North Carolina,Mesa,Endocrinology,Reproductive Endocrinology,B,Hospital Outpatient,16,In-person,High,early adopter educator,At-risk,0,51.95,0.25
HCP000003,USR000006,PRD000039,Dr. Ethan Adams,US-CA-N,Central,VT,1,10,Vermont,Indianapolis,Urology,Pediatric Urology,B,Hospital Outpatient,6,In-person,High,early adopter educator,Prospect,2,70.42,0.31
HCP000004,USR000003,PRD000034,Dr. Tommy Walter,US-NC-E,East,IN,3,7,Indiana,Atlanta,Pulmonology,Interventional Pulmonology,B,Integrated Delivery Network,6,Virtual,Medium,early adopter educator,Prospect,3,65.25,0.34
HCP000005,USR000010,PRD000027,Dr. Matthew Foster,US-OH-S,East,KY,4,6,Kentucky,Chicago,Family Medicine,Urgent Care,C,Integrated Delivery Network,11,In-person,Low,cost-conscious prescriber,Prospect,2,40.23,0.32
HCP000006,USR000020,PRD000017,Dr. Judy Baker,US-GA-W,South,AK,0,0,Alaska,New Orleans,Dermatology,Mohs Surgery,B,Integrated Delivery Network,9,Virtual,Medium,early adopter educator,Prospect,2,71.01,0.37
HCP000007,USR000003,PRD000031,Dr. Justin Baker,US-NC-W,West,NJ,3,10,New Jersey,New Orleans,Family Medicine,Geriatrics,A,Integrated Delivery Network,7,In-person,Medium,early adopter educator,Engaged,1,74.02,0.21
HCP000008,USR000014,PRD000017,Dr. Stephanie Ross,US-IL-S,North,FL,8,8,Florida,Tucson,Obstetrics & Gynecology,Urogynecology,B,Integrated Delivery Network,28,Virtual,Medium,early adopter educator,Prospect,3,65.26,0.33
HCP000009,USR000017,PRD000013,Dr. Zachary Hicks,US-UT-W,East,OR,4,1,Oregon,Fresno,Nephrology,Dialysis,B,Academic Medical Center,19,In-person,High,access-focused pragmatist,Champion,3,50.73,0.33
HCP000010,USR000001,PRD000019,Dr. Anthony Rodriguez,US-TX-S,Central,PA,3,9,Pennsylvania,Sacramento,Psychiatry,Child Psychiatry,C,Private Practice,28,In-person,Low,safety-first clinician,At-risk,0,32.26,0.36
HCP000011,USR000009,PRD000049,Dr. Rebecca Henderson,US-GA-W,South,IA,3,5,Iowa,Chicago,Dermatology,Cosmetic Dermatology,B,Hospital Outpatient,19,Virtual,High,safety-first clinician,Adopter,1,59.68,0.37
HCP000012,USR000014,PRD000008,Dr. James Ferrell,US-TX-N,Central,ME,0,11,Maine,Portland,Pulmonology,Interventional Pulmonology,C,Academic Medical Center,28,Virtual,Low,early adopter educator,At-risk,4,35.83,0.31
HCP000013,USR000006,PRD000033,Dr. Tricia Valencia,US-IL-S,West,MS,6,6,Mississippi,Los Angeles,Cardiology,Heart Failure,B,Community Clinic,29,In-person,Low,outcomes-oriented researcher,Adopter,1,50.92,0.21
HCP000014,USR000020,PRD000021,Dr. Nathan Maldonado,US-IL-N,Central,AR,5,6,Arkansas,San Diego,Family Medicine,Urgent Care,C,Integrated Delivery Network,16,Virtual,Medium,access-focused pragmatist,At-risk,5,46.22,0.43
HCP000015,USR000001,PRD000044,Dr. Debra Davidson,US-IL-S,South,UT,5,4,Utah,Denver,Nephrology,Hypertension,C,Community Clinic,30,In-person,Medium,access-focused pragmatist,Prospect,3,42.27,0.33
HCP000016,USR000014,PRD000030,Dr. Jeffrey Chavez,US-IL-N,North,HI,8,0,Hawaii,Minneapolis,Rheumatology,Osteoporosis,B,Private Practice,11,Virtual,Medium,access-focused pragmatist,Champion,3,66.98,0.23
HCP000017,USR000002,PRD000030,Dr. Sherri Baker,US-MN-SE,West,IL,3,6,Illinois,Jacksonville,Cardiology,Electrophysiology,A,Hospital Outpatient,20,Virtual,High,outcomes-oriented researcher,Engaged,1,85.4,0.23
HCP000018,USR000012,PRD000042,Dr. Cassandra Gaines,US-OH-S,East,NV,4,2,Nevada,New York,Family Medicine,Sports Medicine,B,Private Practice,8,Virtual,Low,cost-conscious prescriber,Prospect,3,67.57,0.39
HCP000019,USR000019,PRD000028,Dr. Elizabeth Fowler,US-PA-W,North,MT,2,2,Montana,Mesa,Oncology,Medical Oncology,B,Academic Medical Center,5,Virtual,High,access-focused pragmatist,Engaged,3,53.02,0.2
HCP000020,USR000004,PRD000050,Dr. Brittany Farmer,US-PA-W,South,GA,7,8,Georgia,Louisville,Pulmonology,Critical Care,C,Hospital Outpatient,6,In-person,Low,cost-conscious prescriber,Engaged,1,48.87,0.48
HCP000021,USR000003,PRD000030,Dr. Paula Moreno,US-MI-E,South,NE,4,4,Nebraska,Dallas,Nephrology,Hypertension,B,Community Clinic,21,Virtual,High,early adopter educator,Engaged,3,62.87,0.35
HCP000022,USR000020,PRD000017,Dr. Fred Smith,US-NY-E,West,AK,0,0,Alaska,Oklahoma City,Family Medicine,Geriatrics,B,Community Clinic,23,In-person,High,early adopter educator,Champion,3,60.65,0.39
HCP000023,USR000005,PRD000016,Dr. Sherry Decker,US-OH-N,Central,IL,3,6,Illinois,Sacramento,Urology,Reconstructive Urology,B,Integrated Delivery Network,25,Virtual,Medium,early adopter educator,Engaged,4,64.83,0.21
HCP000024,USR000002,PRD000041,Dr. Anthony Humphrey,US-GA-W,East,MO,4,5,Missouri,Arlington,Endocrinology,Reproductive Endocrinology,A,Hospital Outpatient,30,Virtual,High,outcomes-oriented researcher,Engaged,1,79.92,0.28
HCP000025,USR000012,PRD000038,Dr. Angelica Tucker,US-MN-SE,East,GA,7,8,Georgia,Tampa,Oncology,Radiation Oncology,C,Integrated Delivery Network,21,Virtual,Low,data-driven skeptic,At-risk,5,51.25,0.4
HCP000026,USR000003,PRD000049,Dr. Philip Cannon,US-MI-W,South,MD,4,8,Maryland,Omaha,Pulmonology,Sleep Medicine,B,Private Practice,17,In-person,Medium,data-driven skeptic,At-risk,4,74.68,0.35
HCP000027,USR000005,PRD000042,Dr. John Pierce,US-FL-N,West,VT,1,10,Vermont,Oklahoma City,Rheumatology,Pediatric Rheumatology,C,Private Practice,10,Virtual,Low,access-focused pragmatist,Engaged,4,31.3,0.48
HCP000028,USR000006,PRD000015,Dr. Shane Henderson,US-NJ-SE,North,MO,4,5,Missouri,Arlington,Oncology,Pediatric Oncology,B,Academic Medical Center,25,Virtual,Medium,early adopter educator,Champion,3,78.76,0.21
HCP000029,USR000020,PRD000026,Dr. Joshua Blair,US-TX-S,South,OK,6,4,Oklahoma,Kansas City,Cardiology,Interventional Cardiology,B,Hospital Outpatient,22,In-person,Medium,data-driven skeptic,Champion,5,50.97,0.26
HCP000030,USR000001,PRD000047,Dr. Eric Carney,US-FL-N,Central,SD,3,4,South Dakota,Sacramento,Pulmonology,Critical Care,C,Hospital Outpatient,23,Virtual,Low,cost-conscious prescriber,Adopter,5,55.98,0.31
HCP000031,USR000016,PRD000036,Dr. Jessica Holmes,US-MI-W,North,NJ,3,10,New Jersey,Boston,Pediatrics,Pediatric Emergency,C,Academic Medical Center,26,Virtual,Low,early adopter educator,Adopter,0,42.44,0.35
HCP000032,USR000001,PRD000038,Dr. Danny Morgan,US-NC-E,Central,IA,3,5,Iowa,Phoenix,Endocrinology,Diabetes,C,Private Practice,27,Virtual,Low,cost-conscious prescriber,Champion,0,37.23,0.34
HCP000033,USR000012,PRD000047,Dr. Crystal Robinson,US-OH-N,North,VT,1,10,Vermont,Colorado Springs,Rheumatology,Arthritis,B,Integrated Delivery Network,12,In-person,Medium,outcomes-oriented researcher,Champion,2,59.23,0.36
HCP000034,USR000015,PRD000025,Dr. Mark Perez,US-MN-SE,North,IN,3,7,Indiana,Tampa,Cardiology,Heart Failure,B,Private Practice,25,Virtual,Medium,outcomes-oriented researcher,At-risk,1,60.52,0.32
HCP000035,USR000020,PRD000004,Dr. Shannon Jones,US-OH-N,North,WV,4,7,West Virginia,Tucson,Psychiatry,Forensic Psychiatry,C,Integrated Delivery Network,27,In-person,Low,access-focused pragmatist,At-risk,1,57.8,0.4
HCP000036,USR000003,PRD000002,Dr. Michael Lewis,US-NC-W,Central,NY,2,9,New York,Fort Worth,Cardiology,Electrophysiology,B,Community Clinic,20,In-person,Medium,safety-first clinician,At-risk,3,60.37,0.38
HCP000037,USR000013,PRD000018,Dr. Timothy Duncan,US-PA-W,East,CO,4,3,Colorado,Phoenix,Oncology,Surgical Oncology,B,Hospital Outpatient,26,In-person,High,early adopter educator,At-risk,1,76.83,0.23
HCP000038,USR000014,PRD000043,Dr. Richard Aguirre,US-NY-E,North,MN,2,4,Minnesota,Arlington,Cardiology,Heart Failure,B,Community Clinic,20,In-person,High,early adopter educator,Prospect,2,55.54,0.24
HCP000039,USR000019,PRD000037,Dr. Brent Jordan,US-NC-E,Central,KY,4,6,Kentucky,Columbus,Oncology,Radiation Oncology,A,Community Clinic,11,Virtual,Medium,safety-first clinician,At-risk,4,91.68,0.17
HCP000040,USR000003,PRD000014,Dr. John Daniel,US-IL-N,Central,OK,6,4,Oklahoma,San Jose,Cardiology,Heart Failure,B,Academic Medical Center,11,In-person,Medium,early adopter educator,Prospect,4,67.81,0.34
HCP000041,USR000013,PRD000020,Dr. Victoria Garcia,US-NY-E,West,ND,2,3,North Dakota,El Paso,Urology,Female Urology,B,Academic Medical Center,16,In-person,High,outcomes-oriented researcher,At-risk,1,68.23,0.25
HCP000042,USR000006,PRD000023,Dr. Gerald Hensley,US-UT-W,Central,MN,2,4,Minnesota,Boston,Oncology,Medical Oncology,A,Integrated Delivery Network,15,In-person,Medium,early adopter educator,Champion,2,70.46,0.24
HCP000043,USR000004,PRD000045,Dr. Connor West,US-AZ-NW,West,MA,2,10,Massachusetts,Philadelphia,Oncology,Surgical Oncology,C,Community Clinic,29,Virtual,Low,cost-conscious prescriber,Champion,4,53.08,0.34
HCP000044,USR000010,PRD000019,Dr. Donald Wright,US-OH-N,North,VA,5,8,Virginia,Arlington,Dermatology,Mohs Surgery,C,Private Practice,15,Virtual,Low,safety-first clinician,Prospect,5,40.1,0.33
HCP000045,USR000012,PRD000029,Dr. Jessica Callahan,US-TX-S,South,WI,2,5,Wisconsin,New York,Dermatology,Mohs Surgery,A,Academic Medical Center,21,In-person,High,outcomes-oriented researcher,Champion,5,72.67,0.27
HCP000046,USR000003,PRD000013,Dr. Amber Kidd,US-PA-W,East,NC,5,9,North Carolina,Fresno,Cardiology,Preventive Cardiology,A,Community Clinic,5,Virtual,High,access-focused pragmatist,Champion,0,88.76,0.26
HCP000047,USR000015,PRD000012,Dr. Tracy House,US-MI-E,East,AZ,5,3,Arizona,Portland,Dermatology,Pediatric Dermatology,C,Academic Medical Center,17,In-person,Low,outcomes-oriented researcher,Champion,4,39.04,0.45
HCP000048,USR000004,PRD000003,Dr. Carol Tucker,US-CO-W,South,AZ,5,3,Arizona,Colorado Springs,Rheumatology,Pediatric Rheumatology,B,Community Clinic,10,Virtual,Medium,cost-conscious prescriber,At-risk,4,64.86,0.35
HCP000049,USR000015,PRD000025,Dr. James Brown,US-UT-W,Central,OR,4,1,Oregon,Tucson,Pediatrics,Neonatology,A,Hospital Outpatient,14,In-person,High,outcomes-oriented researcher,Engaged,3,81.43,0.22
HCP000050,USR000006,PRD000004,Dr. William Baker,US-CA-S,West,VA,5,8,Virginia,Minneapolis,Cardiology,Heart Failure,C,Community Clinic,23,In-person,Low,safety-first clinician,Engaged,3,35.45,0.48
HCP000051,USR000005,PRD000016,Dr. Jordan Henderson,US-UT-W,South,SD,3,4,South Dakota,Virginia Beach,Family Medicine,Preventive Medicine,A,Private Practice,12,In-person,High,data-driven skeptic,Champion,3,72.56,0.28
HCP000052,USR000014,PRD000011,Dr. Whitney Peters,US-NC-W,South,VT,1,10,Vermont,Memphis,Cardiology,Heart Failure,B,Academic Medical Center,26,In-person,High,early adopter educator,Champion,0,53.4,0.4
HCP000053,USR000011,PRD000002,Dr. Brittney Phillips,US-NJ-SE,North,HI,8,0,Hawaii,Charlotte,Cardiology,Interventional Cardiology,B,Academic Medical Center,25,In-person,Medium,access-focused pragmatist,Adopter,0,53.43,0.28
HCP000054,USR000011,PRD000013,Dr. Lauren Daniels,US-UT-W,East,MS,6,6,Mississippi,Las Vegas,Family Medicine,Sports Medicine,B,Community Clinic,16,Virtual,High,early adopter educator,At-risk,5,51.02,0.26
HCP000055,USR000019,PRD000037,Dr. Amy Silva,US-MI-W,Central,VT,1,10,Vermont,San Antonio,Dermatology,Dermatopathology,C,Academic Medical Center,21,In-person,Low,access-focused pragmatist,Prospect,0,39.3,0.38
HCP000056,USR000006,PRD000004,Dr. Sarah Moore,US-NC-W,Central,VT,1,10,Vermont,Minneapolis,Endocrinology,Pediatric Endocrinology,B,Community Clinic,22,In-person,Medium,cost-conscious prescriber,Adopter,5,63.22,0.28
HCP000057,USR000003,PRD000043,Dr. Angela Lopez,US-OH-N,Central,ID,3,2,Idaho,Chicago,Dermatology,Cosmetic Dermatology,B,Hospital Outpatient,23,Virtual,Medium,data-driven skeptic,Adopter,4,62.24,0.31
HCP000058,USR000014,PRD000013,Dr. Megan Young,US-NC-W,Central,GA,7,8,Georgia,Arlington,Dermatology,Pediatric Dermatology,B,Community Clinic,5,In-person,Medium,safety-first clinician,Champion,3,78.33,0.23
HCP000059,USR000011,PRD000002,Dr. Steve Sanchez,US-NC-E,South,OH,3,8,Ohio,Tucson,Endocrinology,Reproductive Endocrinology,B,Community Clinic,20,In-person,Medium,data-driven skeptic,Adopter,1,77.32,0.32
HCP000060,USR000014,PRD000037,Dr. Lisa Barnes,US-NY-W,West,WI,2,5,Wisconsin,Phoenix,Endocrinology,Reproductive Endocrinology,B,Academic Medical Center,6,Virtual,High,cost-conscious prescriber,At-risk,0,76.05,0.3
HCP000061,USR000013,PRD000031,Dr. Kelly Donovan,US-NC-E,South,IN,3,7,Indiana,Columbus,Pediatrics,Neonatology,C,Hospital Outpatient,17,In-person,Medium,outcomes-oriented researcher,Champion,5,59.53,0.41
HCP000062,USR000006,PRD000031,Dr. Mike Allen,US-AZ-NW,South,CO,4,3,Colorado,Miami,Rheumatology,Lupus,B,Hospital Outpatient,21,In-person,Medium,data-driven skeptic,Engaged,1,54.2,0.25
HCP000063,USR000004,PRD000011,Dr. Michael Evans,US-CA-S,North,OH,3,8,Ohio,San Jose,Rheumatology,Pediatric Rheumatology,C,Hospital Outpatient,25,In-person,Low,cost-conscious prescriber,At-risk,5,52.14,0.32
HCP000064,USR000019,PRD000048,Dr. Paul Jones,US-OH-N,East,HI,8,0,Hawaii,Austin,Rheumatology,Pediatric Rheumatology,B,Academic Medical Center,11,Virtual,Low,outcomes-oriented researcher,Engaged,0,58.1,0.31
HCP000065,USR000007,PRD000031,Dr. Zachary Ferrell,US-GA-W,East,DE,4,9,Delaware,Virginia Beach,Endocrinology,Diabetes,B,Hospital Outpatient,6,In-person,High,early adopter educator,Prospect,0,71.15,0.32
HCP000066,USR000017,PRD000025,Dr. Daniel Baker,US-GA-W,West,RI,2,11,Rhode Island,Cleveland,Pediatrics,Neonatology,B,Hospital Outpatient,16,In-person,High,safety-first clinician,Prospect,4,73.7,0.34
HCP000067,USR000013,PRD000001,Dr. Shirley Suarez,US-IL-N,East,GA,7,8,Georgia,Milwaukee,Cardiology,Preventive Cardiology,C,Private Practice,26,Virtual,Low,cost-conscious prescriber,Prospect,3,36.64,0.5
HCP000068,USR000020,PRD000018,Dr. Christopher Bass,US-IL-N,North,SC,6,8,South Carolina,Portland,Cardiology,Preventive Cardiology,B,Hospital Outpatient,11,In-person,Medium,early adopter educator,Champion,1,62.65,0.36
HCP000069,USR000015,PRD000050,Dr. Lisa Archer,US-CA-N,South,ID,3,2,Idaho,Indianapolis,Urology,Female Urology,B,Community Clinic,16,In-person,High,access-focused pragmatist,Champion,1,71.74,0.21
HCP000070,USR000013,PRD000022,Dr. Aimee Montoya,US-NC-W,North,WA,2,1,Washington,Seattle,Oncology,Medical Oncology,B,Private Practice,14,Virtual,Medium,safety-first clinician,Adopter,1,50.64,0.37
HCP000071,USR000020,PRD000016,Dr. Matthew Mcmillan,US-PA-W,East,ID,3,2,Idaho,Tulsa,Psychiatry,Geriatric Psychiatry,B,Academic Medical Center,25,In-person,Medium,data-driven skeptic,Prospect,1,52.75,0.27
HCP000072,USR000004,PRD000039,Dr. Brian Rodriguez,US-MN-SE,East,DE,4,9,Delaware,Columbus,Pulmonology,Critical Care,B,Hospital Outpatient,8,Virtual,Medium,early adopter educator,Engaged,5,51.35,0.22
HCP000073,USR000019,PRD000049,Dr. Denise Jacobs,US-TX-S,Central,NE,4,4,Nebraska,Virginia Beach,Nephrology,Transplant Nephrology,B,Community Clinic,17,Virtual,Medium,data-driven skeptic,Champion,3,75.13,0.25
HCP000074,USR000010,PRD000002,Dr. Christina Walters,US-FL-N,South,KY,4,6,Kentucky,Raleigh,Cardiology,Heart Failure,A,Community Clinic,28,In-person,High,early adopter educator,Prospect,2,84.93,0.21
HCP000075,USR000009,PRD000021,Dr. John Whitehead,US-GA-W,North,AL,6,7,Alabama,Chicago,Pediatrics,Pediatric Cardiology,C,Private Practice,28,Virtual,Medium,data-driven skeptic,Engaged,1,43.72,0.38
HCP000076,USR000005,PRD000034,Dr. Anna Henderson,US-GA-W,South,NC,5,9,North Carolina,Charlotte,Nephrology,Hypertension,B,Private Practice,15,In-person,Medium,outcomes-oriented researcher,Champion,4,51.46,0.31
HCP000077,USR000019,PRD000042,Dr. Aaron Wise,US-IL-S,Central,IN,3,7,Indiana,Wichita,Pulmonology,Critical Care,B,Private Practice,23,Virtual,Medium,cost-conscious prescriber,Champion,4,58.01,0.38
HCP000078,USR000019,PRD000008,Dr. Deborah Figueroa,US-IL-S,East,AK,0,0,Alaska,Raleigh,Oncology,Medical Oncology,B,Private Practice,29,Virtual,High,safety-first clinician,At-risk,4,76.43,0.37
HCP000079,USR000008,PRD000046,Dr. Jessica Smith,US-NC-E,East,UT,5,4,Utah,Omaha,Cardiology,Preventive Cardiology,A,Integrated Delivery Network,6,Virtual,High,cost-conscious prescriber,Engaged,5,78.16,0.21
HCP000080,USR000004,PRD000041,Dr. Stephen Mckee,US-AZ-NW,Central,KS,5,5,Kansas,Tampa,Oncology,Pediatric Oncology,A,Hospital Outpatient,13,Virtual,High,data-driven skeptic,Engaged,4,89.72,0.13
HCP000081,USR000012,PRD000018,Dr. Sandra Aguilar,US-PA-W,North,VA,5,8,Virginia,El Paso,Psychiatry,Forensic Psychiatry,C,Academic Medical Center,26,Virtual,Medium,cost-conscious prescriber,Engaged,3,52.49,0.33
HCP000082,USR000014,PRD000001,Dr. Cameron Parker,US-CA-N,East,NJ,3,10,New Jersey,Nashville,Cardiology,Interventional Cardiology,B,Hospital Outpatient,8,In-person,Medium,access-focused pragmatist,Engaged,2,56.62,0.22
HCP000083,USR000006,PRD000011,Dr. Rebecca Valencia,US-OH-S,East,IN,3,7,Indiana,Oakland,Oncology,Surgical Oncology,A,Private Practice,25,Virtual,Medium,data-driven skeptic,Champion,0,81.06,0.16
HCP000084,USR000014,PRD000049,Dr. Christine Wright,US-IL-N,North,LA,6,5,Louisiana,Detroit,Pediatrics,Developmental Pediatrics,B,Integrated Delivery Network,20,In-person,High,early adopter educator,Prospect,4,73.3,0.35
HCP000085,USR000006,PRD000026,Dr. Richard Henson,US-PA-W,Central,RI,2,11,Rhode Island,Detroit,Pediatrics,Developmental Pediatrics,C,Community Clinic,24,Virtual,Low,outcomes-oriented researcher,Prospect,5,50.57,0.39
HCP000086,USR000009,PRD000032,Dr. Marc Moore,US-IL-S,Central,NY,2,9,New York,Detroit,Urology,Female Urology,B,Private Practice,21,In-person,High,cost-conscious prescriber,Champion,4,72.71,0.39
HCP000087,USR000013,PRD000026,Dr. Sharon Cherry,US-CA-S,North,IN,3,7,Indiana,Jacksonville,Pulmonology,Interventional Pulmonology,C,Integrated Delivery Network,24,In-person,Low,cost-conscious prescriber,At-risk,0,45.53,0.32
HCP000088,USR000009,PRD000038,Dr. Sierra Johnson,US-CO-W,South,WV,4,7,West Virginia,Omaha,Endocrinology,Thyroid Disorders,B,Hospital Outpatient,22,Virtual,High,data-driven skeptic,Prospect,2,53.73,0.38
HCP000089,USR000003,PRD000008,Dr. Evelyn Galvan,US-UT-W,North,WY,3,3,Wyoming,Jacksonville,Oncology,Surgical Oncology,C,Hospital Outpatient,24,In-person,Low,safety-first clinician,At-risk,3,47.92,0.46
HCP000090,USR000019,PRD000031,Dr. Sharon Cochran,US-NY-E,East,MO,4,5,Missouri,Jacksonville,Dermatology,Dermatopathology,B,Private Practice,29,Virtual,High,outcomes-oriented researcher,At-risk,4,55.46,0.36
HCP000091,USR000012,PRD000013,Dr. Richard Rodriguez,US-TX-S,East,MN,2,4,Minnesota,Mesa,Oncology,Radiation Oncology,C,Academic Medical Center,7,In-person,Low,access-focused pragmatist,Engaged,5,30.92,0.35
HCP000092,USR000002,PRD000016,Dr. Shannon Walker,US-PA-E,South,AL,6,7,Alabama,Washington,Endocrinology,Reproductive Endocrinology,B,Integrated Delivery Network,16,Virtual,Medium,cost-conscious prescriber,Prospect,2,67.36,0.29
HCP000093,USR000008,PRD000015,Dr. Julia Torres,US-NJ-SE,West,PA,3,9,Pennsylvania,Omaha,Endocrinology,Thyroid Disorders,B,Community Clinic,30,Virtual,High,access-focused pragmatist,Adopter,4,71.99,0.23
HCP000094,USR000020,PRD000012,Dr. Crystal Johnson,US-NJ-SE,South,RI,2,11,Rhode Island,Columbus,Psychiatry,Geriatric Psychiatry,C,Private Practice,9,In-person,Low,outcomes-oriented researcher,At-risk,4,43.36,0.4
HCP000095,USR000016,PRD000001,Dr. Garrett Lin,US-AZ-NW,East,LA,6,5,Louisiana,Memphis,Cardiology,Interventional Cardiology,B,Private Practice,9,In-person,Medium,data-driven skeptic,Engaged,2,76.51,0.29
HCP000096,USR000012,PRD000006,Dr. Diana May,US-NY-W,North,CA,5,2,California,Phoenix,Urology,Reconstructive Urology,B,Community Clinic,16,Virtual,High,data-driven skeptic,At-risk,0,68.17,0.27
HCP000097,USR000006,PRD000015,Dr. William Herrera,US-MN-SE,West,OK,6,4,Oklahoma,Arlington,Pediatrics,Pediatric Emergency,C,Integrated Delivery Network,24,In-person,Medium,access-focused pragmatist,At-risk,1,31.18,0.32
HCP000098,USR000015,PRD000043,Dr. Ashley Waller,US-MN-SE,North,VT,1,10,Vermont,Cleveland,Psychiatry,Child Psychiatry,A,Hospital Outpatient,24,Virtual,Medium,safety-first clinician,Adopter,0,85.98,0.27
HCP000099,USR000015,PRD000017,Dr. Victor Baker,US-TX-N,West,SC,6,8,South Carolina,Minneapolis,Urology,Reconstructive Urology,A,Hospital Outpatient,14,Virtual,High,access-focused pragmatist,Prospect,4,81.09,0.27
HCP000100,USR000001,PRD000006,Dr. Jeffrey Chandler,US-AZ-NW,South,MT,2,2,Montana,San Jose,Pulmonology,Interventional Pulmonology,A,Hospital Outpatient,21,Virtual,Medium,early adopter educator,At-risk,2,93.27,0.24
HCP000101,USR000013,PRD000029,Dr. Larry Dixon,US-CO-W,Central,AK,0,0,Alaska,Phoenix,Dermatology,Mohs Surgery,B,Integrated Delivery Network,6,Virtual,High,early adopter educator,Prospect,0,79.8,0.35
HCP000102,USR000007,PRD000034,Dr. Kenneth Scott,US-NY-E,Central,WV,4,7,West Virginia,Tulsa,Cardiology,Electrophysiology,C,Community Clinic,10,Virtual,Low,safety-first clinician,Engaged,2,41.27,0.36
HCP000103,USR000014,PRD000042,Dr. April Frost,US-MI-E,South,OH,3,8,Ohio,Charlotte,Family Medicine,Urgent Care,B,Integrated Delivery Network,29,In-person,Medium,safety-first clinician,At-risk,5,52.2,0.32
HCP000104,USR000012,PRD000004,Dr. Michelle Harmon,US-FL-S,North,TX,7,4,Texas,Boston,Oncology,Radiation Oncology,C,Hospital Outpatient,10,Virtual,Low,early adopter educator,At-risk,4,41.96,0.42
HCP000105,USR000013,PRD000027,Dr. Helen Jones,US-NJ-SE,South,RI,2,11,Rhode Island,Virginia Beach,Oncology,Pediatric Oncology,A,Community Clinic,27,Virtual,High,early adopter educator,At-risk,2,79.5,0.14
HCP000106,USR000004,PRD000026,Dr. Erin Edwards,US-MI-W,Central,FL,8,8,Florida,Tampa,Dermatology,Dermatopathology,B,Community Clinic,19,In-person,Medium,cost-conscious prescriber,At-risk,5,71.48,0.25
HCP000107,USR000013,PRD000029,Dr. Michelle Evans,US-TX-N,South,ID,3,2,Idaho,Fort Worth,Cardiology,Preventive Cardiology,A,Academic Medical Center,14,In-person,Medium,data-driven skeptic,At-risk,5,90.15,0.21
HCP000108,USR000018,PRD000046,Dr. Jason Powell,US-NY-W,Central,MN,2,4,Minnesota,Memphis,Cardiology,Interventional Cardiology,B,Academic Medical Center,19,Virtual,Medium,access-focused pragmatist,Adopter,0,57.11,0.36
HCP000109,USR000017,PRD000020,Dr. Cameron Fisher,US-NC-W,South,LA,6,5,Louisiana,Seattle,Endocrinology,Pediatric Endocrinology,C,Hospital Outpatient,5,In-person,Medium,early adopter educator,Champion,3,55.88,0.34
HCP000110,USR000018,PRD000032,Dr. Megan Orr,US-MI-W,East,OK,6,4,Oklahoma,San Antonio,Cardiology,Heart Failure,B,Hospital Outpatient,13,In-person,Medium,outcomes-oriented researcher,Prospect,1,58.24,0.32
HCP000111,USR000004,PRD000022,Dr. Elizabeth Kelley,US-GA-W,North,VT,1,10,Vermont,Austin,Urology,Pediatric Urology,C,Integrated Delivery Network,18,In-person,Low,cost-conscious prescriber,Engaged,5,37.95,0.43
HCP000112,USR000003,PRD000049,Dr. Dustin Jordan,US-GA-W,East,PA,3,9,Pennsylvania,Raleigh,Family Medicine,Geriatrics,B,Private Practice,21,Virtual,Medium,data-driven skeptic,Champion,4,58.13,0.32
HCP000113,USR000013,PRD000020,Dr. Mary Marshall,US-MI-W,East,MN,2,4,Minnesota,Philadelphia,Rheumatology,Osteoporosis,A,Integrated Delivery Network,6,In-person,Medium,outcomes-oriented researcher,At-risk,5,84.06,0.29
HCP000114,USR000008,PRD000012,Dr. Daniel Kennedy,US-IL-N,South,UT,5,4,Utah,San Francisco,Dermatology,Mohs Surgery,A,Integrated Delivery Network,12,Virtual,Medium,access-focused pragmatist,At-risk,2,73.81,0.3
HCP000115,USR000013,PRD000006,Dr. Rebecca Jackson,US-NC-W,Central,WI,2,5,Wisconsin,Philadelphia,Oncology,Medical Oncology,B,Academic Medical Center,25,Virtual,Medium,cost-conscious prescriber,Engaged,5,53.53,0.25
HCP000116,USR000005,PRD000022,Dr. Jose Schultz,US-AZ-NW,East,NC,5,9,North Carolina,New York,Family Medicine,Sports Medicine,B,Integrated Delivery Network,27,Virtual,Medium,outcomes-oriented researcher,Champion,5,64.91,0.4
HCP000117,USR000002,PRD000015,Dr. Robert Potter,US-OH-S,North,ME,0,11,Maine,Atlanta,Dermatology,Pediatric Dermatology,C,Community Clinic,28,In-person,Low,safety-first clinician,At-risk,5,32.43,0.38
HCP000118,USR000013,PRD000037,Dr. Courtney Gonzalez,US-AZ-NW,West,MO,4,5,Missouri,San Jose,Dermatology,Dermatopathology,C,Academic Medical Center,26,In-person,Low,early adopter educator,Engaged,3,45.08,0.38
HCP000119,USR000011,PRD000003,Dr. David Alvarez,US-MI-E,South,FL,8,8,Florida,Oklahoma City,Cardiology,Interventional Cardiology,B,Private Practice,16,Virtual,Medium,access-focused pragmatist,At-risk,1,58.33,0.37
HCP000120,USR000014,PRD000022,Dr. Angel Perry,US-AZ-NW,East,IL,3,6,Illinois,Denver,Oncology,Surgical Oncology,A,Academic Medical Center,6,In-person,High,early adopter educator,Champion,0,73.56,0.12
HCP000121,USR000005,PRD000026,Dr. Cheyenne Horton,US-OH-N,West,AR,5,6,Arkansas,Houston,Dermatology,Mohs Surgery,B,Academic Medical Center,9,Virtual,Medium,data-driven skeptic,At-risk,3,75.44,0.34
HCP000122,USR000010,PRD000035,Dr. David Douglas Jr.,US-OH-S,Central,KS,5,5,Kansas,San Antonio,Family Medicine,Urgent Care,B,Private Practice,26,Virtual,High,outcomes-oriented researcher,Champion,4,50.58,0.25
HCP000123,USR000020,PRD000045,Dr. Patricia Rodriguez,US-NC-E,Central,CA,5,2,California,Fort Worth,Cardiology,Heart Failure,A,Hospital Outpatient,17,Virtual,Medium,access-focused pragmatist,At-risk,0,72.74,0.21
HCP000124,USR000017,PRD000028,Dr. Christopher Rubio,US-NC-E,West,MS,6,6,Mississippi,Tampa,Cardiology,Electrophysiology,C,Community Clinic,13,Virtual,Low,cost-conscious prescriber,Engaged,1,56.76,0.49
HCP000125,USR000017,PRD000039,Dr. Amber Wright,US-NC-W,South,AK,0,0,Alaska,Louisville,Family Medicine,Geriatrics,B,Hospital Outpatient,30,In-person,Medium,data-driven skeptic,Champion,1,61.59,0.29
HCP000126,USR000017,PRD000020,Dr. Joyce Solis,US-IL-N,Central,MD,4,8,Maryland,Phoenix,Endocrinology,Reproductive Endocrinology,C,Academic Medical Center,27,Virtual,Medium,early adopter educator,Champion,0,32.16,0.31
HCP000127,USR000008,PRD000015,Dr. Victoria Larson,US-MN-SE,South,IA,3,5,Iowa,Tulsa,Urology,Reconstructive Urology,C,Integrated Delivery Network,19,Virtual,Low,safety-first clinician,Champion,1,32.95,0.43
HCP000128,USR000018,PRD000037,Dr. Stephanie Salazar,US-NY-W,West,IN,3,7,Indiana,Milwaukee,Cardiology,Preventive Cardiology,C,Academic Medical Center,13,In-person,Medium,early adopter educator,At-risk,5,37.82,0.31
HCP000129,USR000008,PRD000041,Dr. Kathy Rivas,US-NY-W,East,HI,8,0,Hawaii,Los Angeles,Pediatrics,Pediatric Emergency,B,Private Practice,20,Virtual,Medium,safety-first clinician,Adopter,0,77.84,0.24
HCP000130,USR000009,PRD000012,Dr. Stephanie Manning,US-FL-S,South,MN,2,4,Minnesota,Baltimore,Urology,Pediatric Urology,C,Integrated Delivery Network,23,Virtual,Low,safety-first clinician,Adopter,5,55.84,0.47
HCP000131,USR000015,PRD000043,Dr. David Wright,US-IL-N,Central,GA,7,8,Georgia,Tulsa,Rheumatology,Pediatric Rheumatology,C,Integrated Delivery Network,15,In-person,Low,early adopter educator,At-risk,4,51.84,0.32
HCP000132,USR000005,PRD000034,Dr. Pamela Boyd,US-OH-S,East,SC,6,8,South Carolina,Detroit,Pediatrics,Developmental Pediatrics,B,Community Clinic,9,In-person,Medium,outcomes-oriented researcher,Champion,4,52.81,0.32
HCP000133,USR000007,PRD000033,Dr. Denise Jones,US-IL-N,North,RI,2,11,Rhode Island,Phoenix,Dermatology,Dermatopathology,C,Integrated Delivery Network,12,In-person,Low,cost-conscious prescriber,Champion,0,46.65,0.45
HCP000134,USR000019,PRD000042,Dr. Devon Flores,US-AZ-NW,North,NM,6,3,New Mexico,El Paso,Family Medicine,Geriatrics,C,Hospital Outpatient,26,Virtual,Medium,early adopter educator,Adopter,4,41.04,0.37
HCP000135,USR000006,PRD000049,Dr. Brenda Hall,US-NC-E,Central,FL,8,8,Florida,Arlington,Urology,Female Urology,B,Integrated Delivery Network,14,Virtual,Medium,access-focused pragmatist,Engaged,5,70.87,0.2
HCP000136,USR000018,PRD000045,Dr. Michelle Brown,US-FL-S,Central,WI,2,5,Wisconsin,Indianapolis,Family Medicine,Geriatrics,B,Integrated Delivery Network,18,Virtual,High,cost-conscious prescriber,At-risk,3,51.58,0.3
HCP000137,USR000001,PRD000042,Dr. Joshua Perry,US-OH-N,East,VT,1,10,Vermont,Tulsa,Rheumatology,Arthritis,A,Private Practice,16,Virtual,High,data-driven skeptic,Champion,4,73.69,0.17
HCP000138,USR000011,PRD000030,Dr. Jason Stein,US-PA-W,East,OK,6,4,Oklahoma,Arlington,Family Medicine,Geriatrics,C,Integrated Delivery Network,26,Virtual,Low,data-driven skeptic,At-risk,2,50.58,0.5
HCP000139,USR000010,PRD000009,Dr. Melissa Gates,US-CA-N,Central,MI,2,7,Michigan,Wichita,Oncology,Pediatric Oncology,A,Community Clinic,21,In-person,High,outcomes-oriented researcher,Prospect,2,77.47,0.29
HCP000140,USR000001,PRD000041,Dr. Jamie Smith,US-GA-W,Central,CT,3,11,Connecticut,Mesa,Family Medicine,Preventive Medicine,B,Private Practice,14,Virtual,Medium,cost-conscious prescriber,At-risk,5,71.84,0.3
HCP000141,USR000014,PRD000042,Dr. Paul Castaneda,US-NC-W,North,SD,3,4,South Dakota,Oakland,Pulmonology,Sleep Medicine,A,Integrated Delivery Network,28,In-person,High,data-driven skeptic,Adopter,5,70.91,0.16
HCP000142,USR000001,PRD000014,Dr. Jennifer Adkins,US-NC-W,South,LA,6,5,Louisiana,Fort Worth,Nephrology,Hypertension,B,Academic Medical Center,17,Virtual,High,cost-conscious prescriber,Adopter,2,54.18,0.31
HCP000143,USR000003,PRD000035,Dr. Lindsey Walker,US-CA-N,South,NV,4,2,Nevada,Austin,Cardiology,Heart Failure,C,Private Practice,14,Virtual,Low,outcomes-oriented researcher,Prospect,4,59.44,0.35
HCP000144,USR000001,PRD000029,Dr. Jeffrey Johnson,US-NC-E,North,MD,4,8,Maryland,Cleveland,Dermatology,Mohs Surgery,C,Integrated Delivery Network,29,In-person,Medium,access-focused pragmatist,At-risk,1,32.67,0.44
HCP000145,USR000016,PRD000024,Dr. Michael Powell,US-PA-E,South,OK,6,4,Oklahoma,Virginia Beach,Obstetrics & Gynecology,Maternal-Fetal Medicine,A,Academic Medical Center,21,Virtual,High,cost-conscious prescriber,Prospect,1,74.14,0.29
HCP000146,USR000020,PRD000020,Dr. John Anderson,US-AZ-NW,East,ID,3,2,Idaho,El Paso,Cardiology,Preventive Cardiology,B,Integrated Delivery Network,14,Virtual,Medium,early adopter educator,Engaged,3,66.35,0.35
HCP000147,USR000012,PRD000025,Dr. Alyssa Long,US-MI-W,Central,MA,2,10,Massachusetts,El Paso,Cardiology,Preventive Cardiology,A,Community Clinic,13,In-person,High,early adopter educator,Adopter,0,72.35,0.17
HCP000148,USR000008,PRD000013,Dr. Alyssa Day,US-CO-W,West,SC,6,8,South Carolina,Oklahoma City,Family Medicine,Preventive Medicine,B,Community Clinic,23,In-person,High,data-driven skeptic,Adopter,3,73.79,0.32
HCP000149,USR000001,PRD000030,Dr. Joel Williams,US-NC-E,South,ME,0,11,Maine,Washington,Oncology,Surgical Oncology,B,Hospital Outpatient,11,Virtual,Medium,safety-first clinician,Adopter,2,79.51,0.23
HCP000150,USR000004,PRD000037,Dr. Daniel Murphy,US-NC-E,West,AK,0,0,Alaska,Virginia Beach,Dermatology,Cosmetic Dermatology,B,Community Clinic,13,Virtual,Medium,early adopter educator,Engaged,4,70.04,0.33
HCP000151,USR000020,PRD000028,Dr. Jamie Walton,US-UT-W,East,IL,3,6,Illinois,Oklahoma City,Nephrology,Dialysis,A,Integrated Delivery Network,29,Virtual,High,outcomes-oriented researcher,Engaged,2,74.69,0.27
HCP000152,USR000001,PRD000003,Dr. Darlene Miller,US-UT-W,West,RI,2,11,Rhode Island,Austin,Oncology,Surgical Oncology,C,Integrated Delivery Network,16,In-person,Medium,outcomes-oriented researcher,Champion,3,40.06,0.33
HCP000153,USR000001,PRD000040,Dr. Joshua Cooke,US-MI-E,North,ND,2,3,North Dakota,Seattle,Family Medicine,Sports Medicine,C,Academic Medical Center,27,Virtual,Low,access-focused pragmatist,At-risk,2,55.31,0.35
HCP000154,USR000003,PRD000014,Dr. Matthew Harrington,US-OH-S,South,KS,5,5,Kansas,Colorado Springs,Pulmonology,Sleep Medicine,A,Academic Medical Center,24,In-person,Medium,safety-first clinician,At-risk,1,82.82,0.16
HCP000155,USR000014,PRD000036,Dr. Nicole Herring,US-MI-E,West,VA,5,8,Virginia,Indianapolis,Family Medicine,Urgent Care,C,Community Clinic,17,Virtual,Low,outcomes-oriented researcher,Champion,2,46.81,0.32
HCP000156,USR000019,PRD000011,Dr. Alex Hernandez,US-UT-W,East,MD,4,8,Maryland,Baltimore,Dermatology,Cosmetic Dermatology,C,Community Clinic,24,In-person,Low,outcomes-oriented researcher,Adopter,5,38.4,0.47
HCP000157,USR000009,PRD000035,Dr. Michael Elliott,US-FL-S,East,NC,5,9,North Carolina,Memphis,Psychiatry,Addiction Medicine,A,Academic Medical Center,27,In-person,High,data-driven skeptic,Engaged,4,71.71,0.15
HCP000158,USR000016,PRD000004,Dr. Michael Wang,US-CO-W,East,KS,5,5,Kansas,Raleigh,Urology,Pediatric Urology,B,Academic Medical Center,8,In-person,Medium,cost-conscious prescriber,Prospect,4,67.8,0.38
HCP000159,USR000004,PRD000018,Dr. Lawrence Adkins,US-PA-E,East,NJ,3,10,New Jersey,Tulsa,Rheumatology,Arthritis,C,Private Practice,9,In-person,Medium,data-driven skeptic,Prospect,4,32.82,0.48
HCP000160,USR000019,PRD000035,Dr. Robert Oconnell,US-GA-W,North,GA,7,8,Georgia,Minneapolis,Endocrinology,Pediatric Endocrinology,B,Integrated Delivery Network,26,In-person,Medium,early adopter educator,Champion,1,54.94,0.23
HCP000161,USR000008,PRD000026,Dr. Alexander Collins,US-UT-W,East,FL,8,8,Florida,San Antonio,Oncology,Medical Oncology,A,Integrated Delivery Network,26,Virtual,Medium,data-driven skeptic,Adopter,1,81.82,0.3
HCP000162,USR000003,PRD000010,Dr. Tina Sanders,US-NC-E,North,MO,4,5,Missouri,Indianapolis,Family Medicine,Sports Medicine,A,Hospital Outpatient,12,In-person,High,early adopter educator,Engaged,4,82.05,0.14
HCP000163,USR000011,PRD000013,Dr. Angela Vaughn,US-IL-S,North,WA,2,1,Washington,Atlanta,Rheumatology,Arthritis,C,Academic Medical Center,12,In-person,Medium,cost-conscious prescriber,Engaged,4,47.16,0.4
HCP000164,USR000014,PRD000038,Dr. Ashley Barton,US-MI-W,Central,VT,1,10,Vermont,Raleigh,Psychiatry,Child Psychiatry,C,Private Practice,23,Virtual,Low,access-focused pragmatist,Champion,5,59.78,0.33
HCP000165,USR000014,PRD000017,Dr. Lindsay Martinez,US-FL-N,East,VA,5,8,Virginia,San Diego,Family Medicine,Urgent Care,C,Private Practice,17,Virtual,Low,access-focused pragmatist,Adopter,3,54.64,0.3
HCP000166,USR000017,PRD000006,Dr. Dr. Hannah Patterson,US-NC-E,North,ND,2,3,North Dakota,Washington,Pulmonology,Interventional Pulmonology,B,Hospital Outpatient,8,In-person,Medium,cost-conscious prescriber,Engaged,2,67.89,0.31
HCP000167,USR000003,PRD000014,Dr. Jonathan Peterson,US-CO-W,North,ID,3,2,Idaho,Los Angeles,Family Medicine,Preventive Medicine,B,Academic Medical Center,14,In-person,Medium,cost-conscious prescriber,Adopter,2,77.4,0.32
HCP000168,USR000017,PRD000038,Dr. Samantha Garcia,US-OH-S,South,CT,3,11,Connecticut,Atlanta,Oncology,Medical Oncology,C,Hospital Outpatient,21,Virtual,Low,safety-first clinician,Prospect,4,41.98,0.48
HCP000169,USR000012,PRD000010,Dr. Madison Poole,US-NC-E,West,CO,4,3,Colorado,Virginia Beach,Pediatrics,Pediatric Cardiology,B,Community Clinic,17,In-person,Medium,cost-conscious prescriber,At-risk,3,73.95,0.36
HCP000170,USR000001,PRD000031,Dr. Jessica Gross,US-IL-N,East,AK,0,0,Alaska,Albuquerque,Pediatrics,Developmental Pediatrics,B,Academic Medical Center,26,Virtual,Medium,cost-conscious prescriber,At-risk,4,69.37,0.21
HCP000171,USR000016,PRD000035,Dr. Debra Morton,US-CO-W,Central,MI,2,7,Michigan,Seattle,Psychiatry,Geriatric Psychiatry,B,Community Clinic,19,In-person,Medium,early adopter educator,Prospect,5,75.41,0.31
HCP000172,USR000011,PRD000017,Dr. Karen Graham,US-OH-S,North,IA,3,5,Iowa,Houston,Oncology,Radiation Oncology,A,Hospital Outpatient,9,In-person,Medium,safety-first clinician,Champion,4,79.61,0.11
HCP000173,USR000013,PRD000014,Dr. Debra Christian,US-NY-W,East,MA,2,10,Massachusetts,Baltimore,Family Medicine,Sports Medicine,A,Hospital Outpatient,9,Virtual,High,outcomes-oriented researcher,At-risk,1,90.67,0.3
HCP000174,USR000002,PRD000040,Dr. Angelica Keith,US-IL-N,Central,NV,4,2,Nevada,Tampa,Dermatology,Cosmetic Dermatology,C,Private Practice,9,In-person,Low,access-focused pragmatist,Engaged,2,55.16,0.37
HCP000175,USR000019,PRD000012,Dr. John Bishop,US-FL-N,Central,SD,3,4,South Dakota,Oakland,Dermatology,Cosmetic Dermatology,B,Community Clinic,11,In-person,High,access-focused pragmatist,Champion,4,68.79,0.3
HCP000176,USR000013,PRD000047,Dr. Allen Rosales,US-PA-E,North,AL,6,7,Alabama,Denver,Pulmonology,Sleep Medicine,B,Private Practice,12,In-person,Medium,data-driven skeptic,Champion,2,77.28,0.34
HCP000177,USR000020,PRD000049,Dr. Daniel Salinas,US-IL-N,East,ID,3,2,Idaho,Memphis,Endocrinology,Diabetes,A,Integrated Delivery Network,13,Virtual,Medium,early adopter educator,Champion,2,82.82,0.12
HCP000178,USR000019,PRD000044,Dr. Spencer Haynes,US-UT-W,West,WV,4,7,West Virginia,Austin,Oncology,Radiation Oncology,B,Community Clinic,15,Virtual,Medium,early adopter educator,Champion,4,79.42,0.28
HCP000179,USR000016,PRD000032,Dr. Adam Vaughan,US-IL-N,Central,KS,5,5,Kansas,Tampa,Pediatrics,Pediatric Emergency,C,Integrated Delivery Network,17,In-person,Low,safety-first clinician,Champion,2,30.92,0.49
HCP000180,USR000008,PRD000021,Dr. Nathan Freeman,US-PA-W,East,TX,7,4,Texas,San Jose,Urology,Pediatric Urology,A,Private Practice,20,Virtual,High,safety-first clinician,Prospect,5,70.22,0.3
HCP000181,USR000002,PRD000001,Dr. Melissa Brewer,US-PA-E,East,CA,5,2,California,Kansas City,Cardiology,Electrophysiology,C,Academic Medical Center,19,In-person,Low,access-focused pragmatist,At-risk,0,52.98,0.47
HCP000182,USR000016,PRD000027,Dr. Ricky Davis II,US-CA-S,West,UT,5,4,Utah,Milwaukee,Family Medicine,Sports Medicine,A,Community Clinic,12,In-person,Medium,access-focused pragmatist,Adopter,4,93.88,0.2
HCP000183,USR000007,PRD000044,Dr. Elizabeth Perkins,US-AZ-NW,South,ME,0,11,Maine,San Francisco,Cardiology,Heart Failure,B,Hospital Outpatient,6,Virtual,Medium,data-driven skeptic,Adopter,2,74.1,0.39
HCP000184,USR000020,PRD000042,Dr. Joseph Coleman,US-MI-E,North,UT,5,4,Utah,Fort Worth,Endocrinology,Diabetes,B,Private Practice,23,Virtual,High,early adopter educator,Adopter,1,74.64,0.31
HCP000185,USR000009,PRD000022,Dr. Erin Warner,US-PA-W,West,AL,6,7,Alabama,Charlotte,Rheumatology,Arthritis,B,Integrated Delivery Network,17,Virtual,Medium,data-driven skeptic,Adopter,1,74.71,0.34
HCP000186,USR000011,PRD000005,Dr. David Martinez,US-TX-S,North,CT,3,11,Connecticut,Portland,Family Medicine,Geriatrics,C,Academic Medical Center,27,In-person,Low,outcomes-oriented researcher,Engaged,3,52.23,0.36
HCP000187,USR000001,PRD000040,Dr. Bryan Herrera,US-CO-W,East,MS,6,6,Mississippi,Oakland,Cardiology,Interventional Cardiology,B,Hospital Outpatient,19,Virtual,Medium,outcomes-oriented researcher,At-risk,2,52.68,0.34
HCP000188,USR000005,PRD000044,Dr. Cathy Robinson,US-NC-W,Central,CO,4,3,Colorado,Virginia Beach,Pulmonology,Interventional Pulmonology,B,Academic Medical Center,28,Virtual,Low,early adopter educator,Prospect,4,64.26,0.33
HCP000189,USR000002,PRD000018,Dr. Dr. William Warren,US-NY-W,West,NH,1,11,New Hampshire,Sacramento,Cardiology,Electrophysiology,B,Hospital Outpatient,18,Virtual,High,early adopter educator,Engaged,1,66.56,0.28
HCP000190,USR000008,PRD000018,Dr. Brian Lee,US-IL-S,East,MN,2,4,Minnesota,Tucson,Family Medicine,Sports Medicine,C,Private Practice,17,In-person,Medium,data-driven skeptic,Adopter,2,39.47,0.43
HCP000191,USR000002,PRD000009,Dr. Christopher Smith,US-MI-W,Central,MT,2,2,Montana,Sacramento,Dermatology,Mohs Surgery,B,Academic Medical Center,26,Virtual,Medium,access-focused pragmatist,Adopter,5,57.26,0.38
HCP000192,USR000001,PRD000015,Dr. Denise Mccann,US-MI-W,South,KS,5,5,Kansas,Oklahoma City,Pulmonology,Sleep Medicine,C,Academic Medical Center,16,In-person,Medium,safety-first clinician,Prospect,3,31.25,0.38
HCP000193,USR000001,PRD000048,Dr. Melissa Martinez,US-OH-S,North,HI,8,0,Hawaii,Memphis,Urology,Reconstructive Urology,C,Community Clinic,26,In-person,Low,outcomes-oriented researcher,Prospect,1,35.45,0.39
HCP000194,USR000008,PRD000023,Dr. Katherine Salas,US-NC-E,North,VA,5,8,Virginia,San Francisco,Oncology,Pediatric Oncology,B,Private Practice,8,In-person,Medium,safety-first clinician,Prospect,2,74.89,0.32
HCP000195,USR000020,PRD000040,Dr. Julie Alexander,US-FL-N,East,CT,3,11,Connecticut,Raleigh,Family Medicine,Urgent Care,C,Hospital Outpatient,17,Virtual,Low,cost-conscious prescriber,At-risk,1,59.71,0.35
HCP000196,USR000008,PRD000005,Dr. Anthony Everett,US-PA-W,West,MN,2,4,Minnesota,Raleigh,Oncology,Pediatric Oncology,B,Hospital Outpatient,16,Virtual,Medium,early adopter educator,Adopter,2,67.35,0.23
HCP000197,USR000020,PRD000043,Dr. Rodney Morales,US-CA-S,West,NJ,3,10,New Jersey,Virginia Beach,Psychiatry,Geriatric Psychiatry,C,Integrated Delivery Network,10,In-person,Low,early adopter educator,Adopter,1,34.42,0.3
HCP000198,USR000003,PRD000031,Dr. Mark Brown,US-NY-E,North,WY,3,3,Wyoming,Atlanta,Urology,Oncologic Urology,B,Private Practice,30,Virtual,High,outcomes-oriented researcher,Adopter,5,66.4,0.29
HCP000199,USR000012,PRD000030,Dr. Justin Torres,US-UT-W,Central,MT,2,2,Montana,Oakland,Urology,Reconstructive Urology,C,Community Clinic,17,In-person,Low,data-driven skeptic,Prospect,3,58.54,0.5
HCP000200,USR000016,PRD000037,Dr. Bailey Duran DDS,US-TX-N,East,SC,6,8,South Carolina,Atlanta,Urology,Oncologic Urology,B,Hospital Outpatient,10,In-person,Medium,safety-first clinician,Engaged,1,70.95,0.28
HCP000201,USR000012,PRD000015,Dr. Courtney Mills,US-AZ-NW,Central,ME,0,11,Maine,San Diego,Nephrology,Hypertension,C,Integrated Delivery Network,19,In-person,Low,early adopter educator,Champion,3,46.95,0.45
HCP000202,USR000003,PRD000002,Dr. Jeremy Dalton,US-NY-E,Central,OK,6,4,Oklahoma,Memphis,Endocrinology,Pediatric Endocrinology,B,Community Clinic,25,In-person,Medium,cost-conscious prescriber,Champion,5,62.86,0.21
HCP000203,USR000007,PRD000042,Dr. Elizabeth Oliver DDS,US-TX-S,West,NC,5,9,North Carolina,Las Vegas,Pulmonology,Sleep Medicine,C,Academic Medical Center,29,Virtual,Low,data-driven skeptic,At-risk,4,30.98,0.31
HCP000204,USR000011,PRD000025,Dr. Theresa Clark,US-FL-S,West,CT,3,11,Connecticut,Washington,Oncology,Medical Oncology,B,Hospital Outpatient,8,Virtual,Low,cost-conscious prescriber,Engaged,3,53.05,0.3
HCP000205,USR000019,PRD000043,Dr. Matthew Moore,US-NY-E,North,IN,3,7,Indiana,El Paso,Cardiology,Electrophysiology,C,Private Practice,13,Virtual,Low,safety-first clinician,Champion,4,45.5,0.45
HCP000206,USR000016,PRD000019,Dr. Benjamin Smith,US-FL-N,South,HI,8,0,Hawaii,Phoenix,Family Medicine,Preventive Medicine,B,Integrated Delivery Network,27,In-person,Medium,data-driven skeptic,Engaged,4,57.66,0.26
HCP000207,USR000010,PRD000019,Dr. Kirk Carter,US-CA-N,North,OR,4,1,Oregon,Houston,Cardiology,Electrophysiology,B,Community Clinic,9,In-person,High,safety-first clinician,Engaged,3,70.81,0.35
HCP000208,USR000006,PRD000019,Dr. Michael Warner,US-NJ-SE,North,SC,6,8,South Carolina,Nashville,Dermatology,Cosmetic Dermatology,C,Private Practice,13,In-person,Low,outcomes-oriented researcher,Engaged,0,59.19,0.35
HCP000209,USR000005,PRD000037,Dr. Michael Bradshaw,US-MI-E,East,MN,2,4,Minnesota,Arlington,Rheumatology,Lupus,A,Integrated Delivery Network,10,Virtual,High,early adopter educator,Engaged,4,80.57,0.16
HCP000210,USR000009,PRD000035,Dr. Lori Guerrero,US-IL-S,North,AK,0,0,Alaska,Arlington,Pediatrics,Pediatric Cardiology,C,Private Practice,26,In-person,Low,safety-first clinician,Adopter,1,30.62,0.35
HCP000211,USR000002,PRD000050,Dr. Jessica Stephens,US-PA-E,North,IN,3,7,Indiana,Houston,Nephrology,Pediatric Nephrology,C,Academic Medical Center,25,In-person,Low,early adopter educator,Champion,3,59.17,0.39
HCP000212,USR000006,PRD000008,Dr. Susan Serrano,US-CA-S,East,PA,3,9,Pennsylvania,New York,Dermatology,Pediatric Dermatology,A,Hospital Outpatient,11,Virtual,High,cost-conscious prescriber,Champion,0,74.88,0.17
HCP000213,USR000020,PRD000041,Dr. Christopher Parker,US-OH-S,North,VT,1,10,Vermont,Jacksonville,Nephrology,Dialysis,B,Private Practice,27,In-person,Medium,cost-conscious prescriber,At-risk,3,61.53,0.21
HCP000214,USR000005,PRD000031,Dr. Laura Roberts,US-GA-W,North,AZ,5,3,Arizona,Fresno,Cardiology,Electrophysiology,B,Integrated Delivery Network,28,Virtual,Medium,early adopter educator,Prospect,0,66.22,0.29
HCP000215,USR000007,PRD000048,Dr. Michael Lyons,US-IL-S,East,MD,4,8,Maryland,Jacksonville,Endocrinology,Diabetes,B,Community Clinic,14,Virtual,Medium,data-driven skeptic,Adopter,5,70.18,0.36
HCP000216,USR000006,PRD000036,Dr. Kathryn Snyder,US-FL-S,South,TN,5,7,Tennessee,Denver,Oncology,Surgical Oncology,B,Integrated Delivery Network,20,In-person,High,data-driven skeptic,Engaged,2,55.74,0.28
HCP000217,USR000014,PRD000021,Dr. Andrew Reynolds,US-CO-W,Central,AR,5,6,Arkansas,Wichita,Urology,Reconstructive Urology,B,Community Clinic,26,In-person,High,data-driven skeptic,Prospect,4,73.55,0.35
HCP000218,USR000009,PRD000013,Dr. David Davis,US-NC-E,Central,WI,2,5,Wisconsin,Louisville,Family Medicine,Sports Medicine,B,Hospital Outpatient,13,Virtual,High,access-focused pragmatist,Adopter,0,53.09,0.31
HCP000219,USR000007,PRD000016,Dr. Sara Johnston,US-MN-SE,North,VT,1,10,Vermont,Las Vegas,Dermatology,Mohs Surgery,B,Community Clinic,7,In-person,Medium,cost-conscious prescriber,At-risk,1,70.69,0.23
HCP000220,USR000001,PRD000014,Dr. Yvonne Chambers,US-IL-N,North,WI,2,5,Wisconsin,Oakland,Nephrology,Dialysis,B,Community Clinic,19,In-person,Medium,outcomes-oriented researcher,Champion,5,57.53,0.34
HCP000221,USR000002,PRD000004,Dr. Andrew Avila,US-IL-S,West,NY,2,9,New York,Louisville,Oncology,Surgical Oncology,A,Community Clinic,30,In-person,High,safety-first clinician,Champion,4,75.07,0.22
HCP000222,USR000018,PRD000015,Dr. Matthew Moon,US-FL-N,Central,FL,8,8,Florida,San Antonio,Family Medicine,Geriatrics,B,Integrated Delivery Network,23,Virtual,Medium,access-focused pragmatist,Adopter,5,79.31,0.22
HCP000223,USR000020,PRD000045,Dr. Kevin Walters,US-MI-W,East,CO,4,3,Colorado,Oklahoma City,Family Medicine,Urgent Care,B,Integrated Delivery Network,13,In-person,Low,data-driven skeptic,Prospect,2,69.13,0.25
HCP000224,USR000001,PRD000009,Dr. Brandon Bailey MD,US-FL-N,Central,SC,6,8,South Carolina,Arlington,Cardiology,Interventional Cardiology,C,Academic Medical Center,29,In-person,Medium,cost-conscious prescriber,Champion,4,42.74,0.34
HCP000225,USR000010,PRD000029,Dr. Shannon Rivera,US-TX-N,South,MO,4,5,Missouri,Atlanta,Oncology,Radiation Oncology,B,Integrated Delivery Network,17,Virtual,Medium,outcomes-oriented researcher,Prospect,2,65.64,0.21
HCP000226,USR000006,PRD000039,Dr. Donna Landry,US-PA-E,East,LA,6,5,Louisiana,Omaha,Psychiatry,Addiction Medicine,B,Integrated Delivery Network,5,Virtual,Medium,safety-first clinician,Engaged,1,68.91,0.25
HCP000227,USR000004,PRD000039,Dr. Krista Gibson,US-CA-S,East,NE,4,4,Nebraska,Charlotte,Urology,Reconstructive Urology,A,Hospital Outpatient,26,Virtual,High,access-focused pragmatist,At-risk,5,82.57,0.11
HCP000228,USR000004,PRD000010,Dr. Frank Cordova,US-IL-N,South,CA,5,2,California,Atlanta,Rheumatology,Lupus,A,Private Practice,9,Virtual,Medium,cost-conscious prescriber,Champion,4,90.66,0.19
HCP000229,USR000007,PRD000045,Dr. Jose Travis,US-MN-SE,West,OR,4,1,Oregon,Miami,Cardiology,Preventive Cardiology,B,Private Practice,30,Virtual,Medium,outcomes-oriented researcher,Engaged,3,68.97,0.27
HCP000230,USR000009,PRD000039,Dr. Kimberly Gutierrez,US-IL-S,Central,NC,5,9,North Carolina,Philadelphia,Endocrinology,Diabetes,B,Community Clinic,11,In-person,Medium,cost-conscious prescriber,Prospect,3,75.76,0.35
HCP000231,USR000017,PRD000039,Dr. Isaiah Avila,US-IL-N,West,ND,2,3,North Dakota,Tampa,Pulmonology,Critical Care,A,Academic Medical Center,27,In-person,High,outcomes-oriented researcher,At-risk,1,77.42,0.21
HCP000232,USR000008,PRD000020,Dr. Olivia Harris,US-TX-N,South,MI,2,7,Michigan,Arlington,Pulmonology,Interventional Pulmonology,A,Integrated Delivery Network,6,In-person,High,outcomes-oriented researcher,Champion,5,75.49,0.29
HCP000233,USR000016,PRD000044,Dr. Tanya Kim,US-TX-N,North,AR,5,6,Arkansas,Denver,Oncology,Surgical Oncology,B,Hospital Outpatient,5,In-person,Medium,access-focused pragmatist,Prospect,1,50.66,0.39
HCP000234,USR000011,PRD000014,Dr. Barbara Dudley,US-PA-E,Central,ID,3,2,Idaho,Detroit,Urology,Pediatric Urology,B,Private Practice,9,Virtual,Medium,cost-conscious prescriber,Prospect,4,73.29,0.32
HCP000235,USR000012,PRD000001,Dr. Cynthia Moore,US-GA-W,East,NV,4,2,Nevada,Portland,Oncology,Medical Oncology,B,Academic Medical Center,26,Virtual,Medium,early adopter educator,Engaged,0,76.23,0.24
HCP000236,USR000008,PRD000011,Dr. Kristen Davis,US-OH-N,Central,MD,4,8,Maryland,Denver,Rheumatology,Lupus,C,Private Practice,19,In-person,Medium,outcomes-oriented researcher,Prospect,1,57.05,0.34
HCP000237,USR000010,PRD000012,Dr. Susan Murray MD,US-MI-W,North,HI,8,0,Hawaii,Kansas City,Urology,Female Urology,C,Integrated Delivery Network,29,Virtual,Low,access-focused pragmatist,Engaged,5,43,0.5
HCP000238,USR000016,PRD000027,Dr. Kathleen Moran,US-GA-W,East,FL,8,8,Florida,Austin,Dermatology,Dermatopathology,B,Community Clinic,15,Virtual,Medium,early adopter educator,At-risk,3,52.86,0.22
HCP000239,USR000006,PRD000037,Dr. Denise Davenport,US-NJ-SE,South,NE,4,4,Nebraska,Tampa,Pediatrics,Pediatric Cardiology,C,Hospital Outpatient,24,In-person,Low,data-driven skeptic,Engaged,2,35.1,0.34
HCP000240,USR000008,PRD000015,Dr. Mrs. Kristen Reyes,US-PA-E,East,CO,4,3,Colorado,Portland,Rheumatology,Lupus,C,Private Practice,25,Virtual,Medium,cost-conscious prescriber,Engaged,4,51.38,0.38
HCP000241,USR000006,PRD000014,Dr. Katie Suarez,US-CA-S,West,MI,2,7,Michigan,Oakland,Oncology,Radiation Oncology,C,Academic Medical Center,30,Virtual,Low,cost-conscious prescriber,Adopter,5,53.89,0.35
HCP000242,USR000006,PRD000020,Dr. Desiree Tyler,US-IL-N,Central,CA,5,2,California,Baltimore,Oncology,Surgical Oncology,B,Integrated Delivery Network,25,Virtual,High,data-driven skeptic,Adopter,4,74.45,0.36
HCP000243,USR000016,PRD000039,Dr. Timothy Romero,US-NC-W,West,VA,5,8,Virginia,Tucson,Cardiology,Interventional Cardiology,B,Academic Medical Center,9,In-person,High,access-focused pragmatist,Champion,4,68.9,0.37
HCP000244,USR000011,PRD000012,Dr. Diane Evans,US-UT-W,East,HI,8,0,Hawaii,Louisville,Family Medicine,Sports Medicine,B,Private Practice,10,In-person,Medium,early adopter educator,Engaged,5,52.85,0.4
HCP000245,USR000016,PRD000027,Dr. Yvonne Burns,US-NY-W,East,IA,3,5,Iowa,Charlotte,Cardiology,Heart Failure,B,Private Practice,21,Virtual,Medium,access-focused pragmatist,Champion,5,66.99,0.26
HCP000246,USR000019,PRD000011,Dr. Joshua Reed,US-MI-E,South,VT,1,10,Vermont,Albuquerque,Rheumatology,Osteoporosis,B,Community Clinic,30,In-person,Medium,access-focused pragmatist,Engaged,1,61.72,0.21
HCP000247,USR000017,PRD000006,Dr. Kimberly Gibson,US-TX-N,East,LA,6,5,Louisiana,Washington,Pulmonology,Critical Care,B,Community Clinic,18,In-person,Medium,safety-first clinician,Engaged,2,63.29,0.3
HCP000248,USR000009,PRD000003,Dr. Colin Terry,US-NY-W,East,NV,4,2,Nevada,Austin,Pulmonology,Critical Care,C,Community Clinic,27,Virtual,Medium,safety-first clinician,Engaged,3,45.01,0.44
HCP000249,USR000011,PRD000038,Dr. Cynthia Rowe,US-MI-W,North,OH,3,8,Ohio,Houston,Rheumatology,Lupus,B,Integrated Delivery Network,26,In-person,Medium,access-focused pragmatist,Adopter,3,70.56,0.2
HCP000250,USR000012,PRD000022,Dr. Patrick Thornton,US-IL-N,West,UT,5,4,Utah,Atlanta,Endocrinology,Thyroid Disorders,B,Hospital Outpatient,17,In-person,Medium,outcomes-oriented researcher,Adopter,3,52.36,0.35
HCP000251,USR000009,PRD000050,Dr. Jasmin Alvarado,US-CA-S,Central,HI,8,0,Hawaii,Portland,Oncology,Pediatric Oncology,A,Integrated Delivery Network,24,In-person,High,safety-first clinician,Engaged,2,92.15,0.14
HCP000252,USR000017,PRD000022,Dr. Veronica Simpson,US-GA-W,South,IN,3,7,Indiana,Arlington,Dermatology,Cosmetic Dermatology,B,Academic Medical Center,12,Virtual,Medium,outcomes-oriented researcher,At-risk,3,52.01,0.4
HCP000253,USR000015,PRD000023,Dr. Jonathan Lawrence,US-PA-E,Central,MD,4,8,Maryland,Tulsa,Endocrinology,Thyroid Disorders,B,Hospital Outpatient,11,In-person,High,data-driven skeptic,Adopter,5,78.27,0.21
HCP000254,USR000004,PRD000043,Dr. Shelly Alexander,US-MN-SE,North,HI,8,0,Hawaii,San Diego,Oncology,Medical Oncology,B,Community Clinic,18,Virtual,High,data-driven skeptic,Adopter,3,60.66,0.33
HCP000255,USR000003,PRD000038,Dr. Joyce Bowen,US-MN-SE,South,WV,4,7,West Virginia,Detroit,Dermatology,Mohs Surgery,A,Hospital Outpatient,27,Virtual,High,outcomes-oriented researcher,Engaged,5,89.51,0.16
HCP000256,USR000008,PRD000050,Dr. Matthew Moore,US-TX-S,North,CA,5,2,California,Milwaukee,Rheumatology,Osteoporosis,B,Academic Medical Center,27,In-person,Medium,early adopter educator,Engaged,0,67.23,0.33
HCP000257,USR000003,PRD000015,Dr. Wayne Morgan,US-PA-E,Central,IN,3,7,Indiana,Albuquerque,Endocrinology,Reproductive Endocrinology,C,Integrated Delivery Network,30,In-person,Low,early adopter educator,At-risk,3,50.61,0.43
HCP000258,USR000004,PRD000015,Dr. Marie Christian,US-IL-S,West,LA,6,5,Louisiana,Albuquerque,Family Medicine,Preventive Medicine,A,Private Practice,17,Virtual,High,safety-first clinician,Engaged,0,82.82,0.27
HCP000259,USR000006,PRD000040,Dr. Shannon James,US-CA-N,East,WV,4,7,West Virginia,Atlanta,Psychiatry,Child Psychiatry,C,Private Practice,7,In-person,Medium,cost-conscious prescriber,Engaged,5,59.1,0.41
HCP000260,USR000004,PRD000032,Dr. Nathan Malone,US-FL-S,East,VA,5,8,Virginia,New Orleans,Rheumatology,Osteoporosis,C,Private Practice,9,In-person,Low,early adopter educator,Engaged,1,45.66,0.42
HCP000261,USR000014,PRD000003,Dr. Amanda Jones,US-FL-N,South,VT,1,10,Vermont,Washington,Oncology,Radiation Oncology,B,Academic Medical Center,26,In-person,Medium,access-focused pragmatist,Prospect,1,57.11,0.39
HCP000262,USR000018,PRD000046,Dr. Tammie Bright,US-CA-S,East,WA,2,1,Washington,Omaha,Dermatology,Dermatopathology,A,Integrated Delivery Network,29,Virtual,High,outcomes-oriented researcher,Adopter,0,87.6,0.29
HCP000263,USR000020,PRD000041,Dr. Jessica Garcia,US-FL-S,East,CO,4,3,Colorado,Baltimore,Endocrinology,Diabetes,B,Academic Medical Center,12,In-person,Medium,data-driven skeptic,Adopter,3,65.04,0.21
HCP000264,USR000008,PRD000002,Dr. Shelia Wallace,US-CO-W,North,RI,2,11,Rhode Island,Sacramento,Endocrinology,Diabetes,C,Academic Medical Center,19,In-person,Low,early adopter educator,Prospect,2,35.2,0.38
HCP000265,USR000008,PRD000042,Dr. Stephanie Williams,US-NY-W,East,IA,3,5,Iowa,Indianapolis,Family Medicine,Preventive Medicine,B,Hospital Outpatient,25,In-person,Low,outcomes-oriented researcher,Adopter,5,50.57,0.37
HCP000266,USR000005,PRD000015,Dr. Elaine Brooks,US-NY-E,East,AL,6,7,Alabama,New Orleans,Rheumatology,Lupus,B,Hospital Outpatient,12,Virtual,High,early adopter educator,Champion,5,58.87,0.32
HCP000267,USR000014,PRD000004,Dr. Joseph Knight,US-OH-N,South,VT,1,10,Vermont,Virginia Beach,Urology,Oncologic Urology,B,Private Practice,24,Virtual,Medium,data-driven skeptic,At-risk,5,73.83,0.26
HCP000268,USR000012,PRD000027,Dr. Carolyn Miller,US-CA-S,North,ME,0,11,Maine,Seattle,Family Medicine,Urgent Care,C,Academic Medical Center,16,In-person,Low,data-driven skeptic,At-risk,2,32.77,0.33
HCP000269,USR000016,PRD000020,Dr. Lisa Allen,US-NC-W,North,MS,6,6,Mississippi,Chicago,Family Medicine,Geriatrics,B,Hospital Outpatient,13,Virtual,Medium,cost-conscious prescriber,Champion,2,58.83,0.22
HCP000270,USR000020,PRD000043,Dr. Briana Murray,US-PA-E,North,RI,2,11,Rhode Island,Portland,Cardiology,Preventive Cardiology,C,Hospital Outpatient,24,Virtual,Medium,early adopter educator,Prospect,1,35.54,0.37
HCP000271,USR000011,PRD000023,Dr. David Smith,US-PA-E,Central,AR,5,6,Arkansas,Atlanta,Endocrinology,Diabetes,B,Hospital Outpatient,30,In-person,Medium,early adopter educator,Engaged,0,61.7,0.27
HCP000272,USR000011,PRD000028,Dr. Stephanie Byrd,US-IL-S,West,OR,4,1,Oregon,Seattle,Dermatology,Pediatric Dermatology,A,Community Clinic,26,In-person,High,cost-conscious prescriber,Adopter,0,93.57,0.12
HCP000273,USR000013,PRD000032,Dr. Jeremy Reed,US-MN-SE,Central,DE,4,9,Delaware,Atlanta,Cardiology,Interventional Cardiology,B,Academic Medical Center,20,Virtual,Medium,safety-first clinician,Champion,3,56.69,0.37
HCP000274,USR000005,PRD000027,Dr. Margaret Coleman,US-CA-S,Central,OK,6,4,Oklahoma,Baltimore,Rheumatology,Pediatric Rheumatology,B,Hospital Outpatient,25,In-person,High,data-driven skeptic,Prospect,3,65.71,0.24
HCP000275,USR000017,PRD000032,Dr. Ryan Gonzalez,US-IL-N,South,ME,0,11,Maine,Boston,Oncology,Medical Oncology,C,Community Clinic,17,Virtual,Medium,early adopter educator,Prospect,5,36.27,0.32
HCP000276,USR000017,PRD000023,Dr. John Young,US-IL-S,East,SD,3,4,South Dakota,Columbus,Urology,Oncologic Urology,B,Private Practice,19,Virtual,Medium,early adopter educator,Engaged,2,50.5,0.34
HCP000277,USR000011,PRD000049,Dr. Laura Haney,US-NC-E,Central,KY,4,6,Kentucky,Washington,Oncology,Radiation Oncology,B,Community Clinic,22,Virtual,Medium,outcomes-oriented researcher,Engaged,3,53.49,0.32
HCP000278,USR000004,PRD000015,Dr. William Barrett,US-IL-N,East,MD,4,8,Maryland,Washington,Pulmonology,Critical Care,B,Hospital Outpatient,20,In-person,Medium,access-focused pragmatist,Prospect,2,78.87,0.29
HCP000279,USR000002,PRD000024,Dr. Keith Jennings,US-FL-N,Central,AK,0,0,Alaska,Charlotte,Oncology,Pediatric Oncology,B,Integrated Delivery Network,12,In-person,Medium,outcomes-oriented researcher,At-risk,4,56.6,0.3
HCP000280,USR000006,PRD000028,Dr. Amber Obrien,US-GA-W,East,IA,3,5,Iowa,Dallas,Rheumatology,Arthritis,B,Hospital Outpatient,12,In-person,Medium,cost-conscious prescriber,Engaged,0,58.57,0.22
HCP000281,USR000006,PRD000036,Dr. Tanner Mitchell DDS,US-PA-W,Central,ID,3,2,Idaho,Fresno,Cardiology,Interventional Cardiology,C,Private Practice,27,Virtual,Low,cost-conscious prescriber,Engaged,5,33.23,0.45
HCP000282,USR000004,PRD000001,Dr. Heather Fields,US-NY-W,South,NV,4,2,Nevada,Dallas,Endocrinology,Pediatric Endocrinology,B,Integrated Delivery Network,10,In-person,High,safety-first clinician,Adopter,2,71.39,0.34
HCP000283,USR000009,PRD000030,Dr. Megan Le,US-PA-E,East,MN,2,4,Minnesota,New York,Pulmonology,Critical Care,B,Community Clinic,17,Virtual,High,data-driven skeptic,At-risk,5,70.64,0.22
HCP000284,USR000009,PRD000044,Dr. Sara Fuller,US-NY-E,Central,ND,2,3,North Dakota,Phoenix,Dermatology,Pediatric Dermatology,B,Academic Medical Center,6,In-person,Medium,early adopter educator,Adopter,5,71.73,0.34
HCP000285,USR000011,PRD000019,Dr. Maria Parker,US-FL-S,South,MI,2,7,Michigan,Sacramento,Dermatology,Mohs Surgery,B,Private Practice,25,Virtual,Medium,early adopter educator,Adopter,3,51.08,0.39
HCP000286,USR000015,PRD000030,Dr. Kevin Oconnor,US-IL-S,East,KY,4,6,Kentucky,San Francisco,Oncology,Radiation Oncology,A,Integrated Delivery Network,15,In-person,High,data-driven skeptic,At-risk,4,84.16,0.1
HCP000287,USR000012,PRD000050,Dr. Edward Burgess,US-CA-S,West,VA,5,8,Virginia,Fort Worth,Psychiatry,Geriatric Psychiatry,C,Academic Medical Center,21,In-person,Low,access-focused pragmatist,Adopter,3,43.5,0.37
HCP000288,USR000005,PRD000024,Dr. Carlos Ryan,US-MN-SE,South,OH,3,8,Ohio,Minneapolis,Cardiology,Preventive Cardiology,C,Private Practice,9,Virtual,Low,outcomes-oriented researcher,At-risk,2,36.49,0.34
HCP000289,USR000004,PRD000038,Dr. Kiara Mcintyre,US-NC-E,North,PA,3,9,Pennsylvania,Kansas City,Dermatology,Mohs Surgery,B,Hospital Outpatient,9,Virtual,Medium,safety-first clinician,Adopter,4,57.4,0.4
HCP000290,USR000011,PRD000043,Dr. Dawn Summers,US-MI-W,West,NC,5,9,North Carolina,Omaha,Family Medicine,Preventive Medicine,A,Integrated Delivery Network,19,Virtual,High,data-driven skeptic,Adopter,1,71.13,0.23
HCP000291,USR000002,PRD000039,Dr. Dr. Paul Morgan,US-MN-SE,Central,RI,2,11,Rhode Island,Fresno,Cardiology,Preventive Cardiology,A,Academic Medical Center,14,In-person,High,cost-conscious prescriber,Champion,0,82.68,0.23
HCP000292,USR000017,PRD000012,Dr. Victor Taylor,US-OH-S,West,AL,6,7,Alabama,Indianapolis,Urology,Oncologic Urology,B,Private Practice,15,In-person,High,access-focused pragmatist,At-risk,1,65.71,0.25
HCP000293,USR000012,PRD000002,Dr. Shannon Ramsey,US-CO-W,North,ND,2,3,North Dakota,Memphis,Urology,Reconstructive Urology,C,Hospital Outpatient,14,Virtual,Medium,cost-conscious prescriber,Champion,1,50.22,0.47
HCP000294,USR000009,PRD000024,Dr. Tracy Ballard,US-GA-W,South,VT,1,10,Vermont,San Francisco,Pulmonology,Critical Care,A,Integrated Delivery Network,10,In-person,High,cost-conscious prescriber,At-risk,1,75.83,0.23
HCP000295,USR000009,PRD000005,Dr. Richard Smith,US-MI-W,Central,MN,2,4,Minnesota,Washington,Dermatology,Cosmetic Dermatology,C,Community Clinic,13,Virtual,Medium,early adopter educator,Adopter,3,39.96,0.39
HCP000296,USR000020,PRD000010,Dr. Jordan Chambers,US-NY-W,West,ID,3,2,Idaho,Los Angeles,Cardiology,Electrophysiology,B,Integrated Delivery Network,8,In-person,High,early adopter educator,Adopter,4,74.18,0.32
HCP000297,USR000004,PRD000045,Dr. Lauren Carson,US-CA-N,Central,MO,4,5,Missouri,Detroit,Urology,Oncologic Urology,B,Hospital Outpatient,16,In-person,Medium,access-focused pragmatist,At-risk,5,65.76,0.34
HCP000298,USR000007,PRD000037,Dr. Ashley Hall,US-NC-W,Central,NM,6,3,New Mexico,Washington,Pediatrics,Neonatology,C,Community Clinic,27,In-person,Medium,safety-first clinician,Engaged,3,39.77,0.33
HCP000299,USR000014,PRD000033,Dr. Stephen Hoffman,US-FL-S,North,DE,4,9,Delaware,Nashville,Pulmonology,Pediatric Pulmonology,B,Integrated Delivery Network,21,Virtual,Low,cost-conscious prescriber,Engaged,4,76.83,0.33
HCP000300,USR000008,PRD000048,Dr. Connie Brown,US-IL-N,East,IN,3,7,Indiana,Memphis,Endocrinology,Diabetes,B,Private Practice,24,In-person,Medium,outcomes-oriented researcher,Prospect,5,69.99,0.4
HCP000301,USR000001,PRD000016,Dr. Susan Turner,US-NC-E,East,ID,3,2,Idaho,Arlington,Urology,Reconstructive Urology,C,Community Clinic,26,Virtual,Low,outcomes-oriented researcher,Champion,0,39.6,0.4
HCP000302,USR000019,PRD000040,Dr. Charles Shah,US-PA-E,Central,AK,0,0,Alaska,Cleveland,Urology,Reconstructive Urology,B,Integrated Delivery Network,7,Virtual,High,data-driven skeptic,Engaged,3,72.6,0.37
HCP000303,USR000011,PRD000048,Dr. Johnathan Davis,US-UT-W,Central,WA,2,1,Washington,El Paso,Cardiology,Heart Failure,B,Private Practice,17,Virtual,High,data-driven skeptic,Adopter,1,53.24,0.3
HCP000304,USR000006,PRD000028,Dr. Brandy Chavez,US-FL-N,East,AK,0,0,Alaska,Omaha,Oncology,Pediatric Oncology,C,Community Clinic,30,In-person,Low,cost-conscious prescriber,Champion,2,50.68,0.35
HCP000305,USR000016,PRD000040,Dr. Natalie Bautista,US-PA-E,East,HI,8,0,Hawaii,San Diego,Oncology,Medical Oncology,B,Community Clinic,11,In-person,High,cost-conscious prescriber,At-risk,2,78.25,0.31
HCP000306,USR000019,PRD000028,Dr. Patrick Moore,US-FL-N,North,FL,8,8,Florida,Austin,Pediatrics,Pediatric Cardiology,C,Hospital Outpatient,15,In-person,Low,access-focused pragmatist,Adopter,3,47.39,0.37
HCP000307,USR000020,PRD000023,Dr. Brett Burns,US-CO-W,East,UT,5,4,Utah,Memphis,Urology,Oncologic Urology,C,Integrated Delivery Network,17,In-person,Low,safety-first clinician,Adopter,2,49.79,0.39
HCP000308,USR000012,PRD000032,Dr. Trevor Johnson,US-UT-W,South,OH,3,8,Ohio,El Paso,Urology,Pediatric Urology,A,Academic Medical Center,13,In-person,High,access-focused pragmatist,Adopter,5,91.7,0.16
HCP000309,USR000020,PRD000050,Dr. Jeremy Sampson,US-MI-E,North,FL,8,8,Florida,Virginia Beach,Pulmonology,Pediatric Pulmonology,B,Integrated Delivery Network,5,In-person,Medium,access-focused pragmatist,Champion,4,57.63,0.26
HCP000310,USR000004,PRD000023,Dr. Ariana Jennings,US-TX-N,North,MO,4,5,Missouri,Memphis,Oncology,Radiation Oncology,B,Community Clinic,19,Virtual,Medium,access-focused pragmatist,Prospect,5,72.65,0.32
HCP000311,USR000019,PRD000002,Dr. Vanessa Howard,US-MI-W,West,UT,5,4,Utah,Kansas City,Urology,Reconstructive Urology,C,Private Practice,11,Virtual,Low,cost-conscious prescriber,Adopter,4,41.82,0.42
HCP000312,USR000015,PRD000002,Dr. Colton Martinez,US-MN-SE,Central,UT,5,4,Utah,Miami,Family Medicine,Sports Medicine,B,Private Practice,16,Virtual,High,early adopter educator,Engaged,3,74.43,0.26
HCP000313,USR000004,PRD000002,Dr. Jordan Bates,US-AZ-NW,West,MO,4,5,Missouri,Chicago,Oncology,Medical Oncology,A,Hospital Outpatient,16,Virtual,Medium,data-driven skeptic,Champion,1,81.03,0.14
HCP000314,USR000013,PRD000035,Dr. Linda Smith,US-PA-E,South,RI,2,11,Rhode Island,Philadelphia,Urology,Reconstructive Urology,B,Academic Medical Center,25,In-person,Low,outcomes-oriented researcher,At-risk,3,50.43,0.3
HCP000315,USR000003,PRD000050,Dr. Dana Martinez,US-MI-W,Central,ME,0,11,Maine,Albuquerque,Cardiology,Heart Failure,C,Community Clinic,11,In-person,Low,safety-first clinician,Champion,2,52.27,0.35
HCP000316,USR000014,PRD000040,Dr. Andrea Hubbard,US-UT-W,Central,CT,3,11,Connecticut,Denver,Family Medicine,Sports Medicine,C,Hospital Outpatient,24,In-person,Medium,safety-first clinician,Engaged,4,59.84,0.34
HCP000317,USR000014,PRD000007,Dr. Daniel Kane,US-FL-N,South,NH,1,11,New Hampshire,El Paso,Cardiology,Heart Failure,B,Private Practice,16,In-person,Low,outcomes-oriented researcher,Prospect,0,78.11,0.4
HCP000318,USR000019,PRD000045,Dr. Charles Lester,US-IL-S,North,SC,6,8,South Carolina,Virginia Beach,Pulmonology,Pediatric Pulmonology,B,Private Practice,15,In-person,Low,safety-first clinician,At-risk,1,70.17,0.23
HCP000319,USR000013,PRD000014,Dr. Scott Thomas,US-NC-W,North,HI,8,0,Hawaii,Albuquerque,Family Medicine,Preventive Medicine,A,Academic Medical Center,8,In-person,High,safety-first clinician,Adopter,5,88.22,0.16
HCP000320,USR000007,PRD000003,Dr. David Thompson,US-FL-N,South,ND,2,3,North Dakota,Seattle,Dermatology,Mohs Surgery,B,Private Practice,22,In-person,Medium,access-focused pragmatist,Adopter,0,69.42,0.37
HCP000321,USR000001,PRD000015,Dr. Allison Smith,US-MI-E,Central,RI,2,11,Rhode Island,Detroit,Pulmonology,Sleep Medicine,B,Community Clinic,15,Virtual,High,outcomes-oriented researcher,Champion,1,74.31,0.25
HCP000322,USR000003,PRD000025,Dr. Cynthia Morris,US-OH-N,Central,VT,1,10,Vermont,Mesa,Oncology,Pediatric Oncology,B,Hospital Outpatient,7,In-person,Medium,outcomes-oriented researcher,At-risk,5,51.78,0.33
HCP000323,USR000015,PRD000017,Dr. Anthony Harmon,US-FL-N,Central,KY,4,6,Kentucky,Colorado Springs,Cardiology,Preventive Cardiology,A,Academic Medical Center,5,In-person,High,safety-first clinician,Champion,5,93.47,0.17
HCP000324,USR000013,PRD000026,Dr. Nichole Alvarez,US-CO-W,East,DE,4,9,Delaware,Oakland,Oncology,Surgical Oncology,B,Community Clinic,19,In-person,Medium,cost-conscious prescriber,At-risk,2,57.83,0.34
HCP000325,USR000011,PRD000006,Dr. Kayla Rodriguez,US-MI-E,Central,WA,2,1,Washington,New Orleans,Pulmonology,Pediatric Pulmonology,A,Private Practice,26,In-person,High,early adopter educator,Adopter,0,77.98,0.18
HCP000326,USR000001,PRD000018,Dr. Theresa Williams,US-UT-W,South,HI,8,0,Hawaii,Chicago,Cardiology,Heart Failure,A,Community Clinic,5,In-person,High,early adopter educator,At-risk,4,73.13,0.15
HCP000327,USR000002,PRD000018,Dr. Sharon Boyd,US-NJ-SE,West,MT,2,2,Montana,Fresno,Rheumatology,Pediatric Rheumatology,C,Hospital Outpatient,23,Virtual,Low,outcomes-oriented researcher,Champion,0,47.16,0.34
HCP000328,USR000020,PRD000040,Dr. Victor Brown,US-IL-S,South,MS,6,6,Mississippi,Oklahoma City,Dermatology,Pediatric Dermatology,B,Private Practice,30,In-person,Medium,safety-first clinician,Adopter,1,65.54,0.24
HCP000329,USR000013,PRD000035,Dr. James Parks,US-NY-E,North,DE,4,9,Delaware,Dallas,Oncology,Pediatric Oncology,B,Academic Medical Center,20,In-person,Medium,access-focused pragmatist,Engaged,3,74.23,0.38
HCP000330,USR000010,PRD000037,Dr. Theodore Jones Jr.,US-NJ-SE,Central,IA,3,5,Iowa,Raleigh,Obstetrics & Gynecology,Reproductive Endocrinology,C,Academic Medical Center,25,In-person,Low,cost-conscious prescriber,Engaged,3,45,0.43
HCP000331,USR000013,PRD000041,Dr. Ana Hill,US-NC-W,South,SC,6,8,South Carolina,Omaha,Cardiology,Heart Failure,C,Private Practice,27,In-person,Low,access-focused pragmatist,Prospect,1,39.86,0.31
HCP000332,USR000015,PRD000004,Dr. Kimberly Nguyen,US-AZ-NW,West,ME,0,11,Maine,Philadelphia,Nephrology,Pediatric Nephrology,B,Community Clinic,22,In-person,Medium,access-focused pragmatist,Champion,5,62.16,0.25
HCP000333,USR000008,PRD000044,Dr. Kerry Chavez DDS,US-IL-S,West,MA,2,10,Massachusetts,Oklahoma City,Pediatrics,Neonatology,B,Community Clinic,27,In-person,Medium,data-driven skeptic,Champion,0,51.87,0.3
HCP000334,USR000017,PRD000019,Dr. Michael Farrell,US-OH-N,West,MD,4,8,Maryland,Miami,Rheumatology,Arthritis,B,Private Practice,17,Virtual,Medium,data-driven skeptic,Prospect,5,70.71,0.39
HCP000335,USR000007,PRD000050,Dr. Patricia Le,US-FL-S,East,MS,6,6,Mississippi,Memphis,Oncology,Radiation Oncology,C,Private Practice,18,In-person,Medium,outcomes-oriented researcher,Champion,2,58.37,0.36
HCP000336,USR000018,PRD000048,Dr. Jesse Perez,US-NY-E,West,KS,5,5,Kansas,Chicago,Obstetrics & Gynecology,Maternal-Fetal Medicine,A,Community Clinic,5,In-person,Medium,data-driven skeptic,Prospect,2,90.91,0.21
HCP000337,USR000020,PRD000011,Dr. Jesse Perry,US-NJ-SE,North,KS,5,5,Kansas,Tampa,Oncology,Surgical Oncology,C,Community Clinic,24,Virtual,Low,outcomes-oriented researcher,Engaged,4,40.89,0.48
HCP000338,USR000020,PRD000010,Dr. Jeffery Ortega,US-NC-E,South,MA,2,10,Massachusetts,Charlotte,Oncology,Radiation Oncology,C,Hospital Outpatient,8,In-person,Low,outcomes-oriented researcher,Engaged,0,33.97,0.5
HCP000339,USR000020,PRD000019,Dr. Christian Leblanc,US-PA-E,West,AZ,5,3,Arizona,Louisville,Dermatology,Dermatopathology,B,Private Practice,27,In-person,Medium,outcomes-oriented researcher,Champion,5,64.22,0.29
HCP000340,USR000017,PRD000014,Dr. Ronald Davis,US-MI-E,East,NE,4,4,Nebraska,San Francisco,Family Medicine,Sports Medicine,C,Academic Medical Center,15,In-person,Medium,cost-conscious prescriber,At-risk,4,49.82,0.45
HCP000341,USR000006,PRD000037,Dr. Parker Cain,US-CA-N,West,TN,5,7,Tennessee,Cleveland,Endocrinology,Diabetes,A,Academic Medical Center,9,Virtual,High,safety-first clinician,At-risk,5,91.1,0.25
HCP000342,USR000006,PRD000016,Dr. Laurie Hoffman,US-FL-S,North,AR,5,6,Arkansas,New York,Endocrinology,Reproductive Endocrinology,A,Integrated Delivery Network,22,In-person,High,early adopter educator,At-risk,1,72.77,0.11
HCP000343,USR000019,PRD000042,Dr. Bryan Gomez,US-IL-S,South,AL,6,7,Alabama,New Orleans,Rheumatology,Osteoporosis,B,Hospital Outpatient,26,In-person,Medium,access-focused pragmatist,Adopter,0,75.84,0.37
HCP000344,USR000015,PRD000018,Dr. Nicole Parrish,US-AZ-NW,South,ME,0,11,Maine,San Antonio,Urology,Female Urology,C,Hospital Outpatient,5,Virtual,Low,cost-conscious prescriber,Champion,4,51.19,0.37
HCP000345,USR000011,PRD000018,Dr. Tracy Burke,US-TX-S,East,PA,3,9,Pennsylvania,Washington,Nephrology,Hypertension,C,Academic Medical Center,26,In-person,Medium,safety-first clinician,Prospect,3,42.52,0.38
HCP000346,USR000018,PRD000050,Dr. Kenneth Lewis,US-OH-S,North,ME,0,11,Maine,Fresno,Pediatrics,Developmental Pediatrics,C,Hospital Outpatient,27,Virtual,Low,early adopter educator,Champion,2,39.79,0.3
HCP000347,USR000011,PRD000029,Dr. Courtney Rodriguez,US-CO-W,Central,CA,5,2,California,Cleveland,Endocrinology,Diabetes,B,Private Practice,25,In-person,Medium,outcomes-oriented researcher,Adopter,3,73.08,0.39
HCP000348,USR000012,PRD000006,Dr. Holly Farmer,US-PA-E,West,OH,3,8,Ohio,Oakland,Pediatrics,Developmental Pediatrics,B,Private Practice,8,Virtual,Medium,safety-first clinician,Adopter,1,55.83,0.29
HCP000349,USR000004,PRD000009,Dr. Renee Bruce,US-UT-W,West,CA,5,2,California,Arlington,Oncology,Medical Oncology,B,Community Clinic,22,In-person,High,cost-conscious prescriber,Engaged,3,79.09,0.35
HCP000350,USR000002,PRD000001,Dr. Sabrina Austin,US-FL-N,North,IL,3,6,Illinois,Los Angeles,Endocrinology,Reproductive Endocrinology,C,Academic Medical Center,20,Virtual,Low,outcomes-oriented researcher,Engaged,1,53.04,0.43
HCP000351,USR000017,PRD000026,Dr. Allison Hickman,US-CO-W,East,NV,4,2,Nevada,Milwaukee,Psychiatry,Geriatric Psychiatry,C,Academic Medical Center,5,In-person,Low,outcomes-oriented researcher,Adopter,1,47.89,0.46
HCP000352,USR000001,PRD000009,Dr. Debra White,US-CO-W,South,VA,5,8,Virginia,San Francisco,Dermatology,Pediatric Dermatology,B,Community Clinic,21,In-person,Medium,cost-conscious prescriber,Adopter,3,65.52,0.28
HCP000353,USR000017,PRD000023,Dr. Ellen Morgan,US-TX-N,East,WV,4,7,West Virginia,Raleigh,Cardiology,Interventional Cardiology,A,Academic Medical Center,21,In-person,Medium,early adopter educator,At-risk,5,90.31,0.17
HCP000354,USR000014,PRD000004,Dr. Sergio Knight,US-MI-E,South,NJ,3,10,New Jersey,Boston,Oncology,Radiation Oncology,B,Private Practice,28,In-person,Medium,cost-conscious prescriber,At-risk,4,67.98,0.24
HCP000355,USR000014,PRD000038,Dr. Charles Schultz,US-PA-E,South,WI,2,5,Wisconsin,Arlington,Cardiology,Preventive Cardiology,C,Academic Medical Center,17,In-person,Low,access-focused pragmatist,Champion,1,57.58,0.38
HCP000356,USR000020,PRD000025,Dr. Paul Lewis,US-PA-E,East,NY,2,9,New York,Tucson,Urology,Pediatric Urology,C,Academic Medical Center,16,Virtual,Low,safety-first clinician,Champion,0,55.45,0.37
HCP000357,USR000007,PRD000025,Dr. Glen Wood,US-NJ-SE,West,TN,5,7,Tennessee,Detroit,Psychiatry,Geriatric Psychiatry,C,Academic Medical Center,21,In-person,Medium,cost-conscious prescriber,Engaged,3,48.58,0.4
HCP000358,USR000017,PRD000024,Dr. Paula Bradley,US-NY-E,South,AZ,5,3,Arizona,San Antonio,Dermatology,Dermatopathology,B,Academic Medical Center,17,In-person,High,data-driven skeptic,Engaged,1,78.71,0.29
HCP000359,USR000017,PRD000004,Dr. Anthony Moore,US-TX-S,Central,AZ,5,3,Arizona,Detroit,Nephrology,Transplant Nephrology,B,Integrated Delivery Network,30,In-person,Medium,cost-conscious prescriber,Adopter,0,60.74,0.27
HCP000360,USR000018,PRD000041,Dr. Megan Nelson,US-IL-S,West,SD,3,4,South Dakota,Chicago,Oncology,Pediatric Oncology,B,Hospital Outpatient,8,In-person,Medium,data-driven skeptic,Engaged,5,52.05,0.38
HCP000361,USR000005,PRD000047,Dr. Karla Ramos,US-TX-S,Central,HI,8,0,Hawaii,San Antonio,Endocrinology,Thyroid Disorders,B,Community Clinic,10,In-person,Medium,access-focused pragmatist,Champion,4,55.45,0.29
HCP000362,USR000010,PRD000042,Dr. Paul Wilson,US-NC-E,East,CT,3,11,Connecticut,Philadelphia,Pediatrics,Neonatology,B,Private Practice,12,In-person,Medium,cost-conscious prescriber,Engaged,2,59.19,0.25
HCP000363,USR000004,PRD000050,Dr. Douglas Gregory,US-TX-S,South,NH,1,11,New Hampshire,San Jose,Dermatology,Pediatric Dermatology,C,Academic Medical Center,7,In-person,Low,data-driven skeptic,At-risk,1,34.99,0.38
HCP000364,USR000004,PRD000041,Dr. Mr. Andrew Foster,US-PA-W,West,IN,3,7,Indiana,San Jose,Pulmonology,Sleep Medicine,B,Private Practice,23,In-person,High,data-driven skeptic,Prospect,1,65.86,0.27
HCP000365,USR000012,PRD000008,Dr. Aimee Turner,US-NY-W,West,CT,3,11,Connecticut,Miami,Pediatrics,Pediatric Emergency,B,Hospital Outpatient,25,Virtual,High,outcomes-oriented researcher,At-risk,0,59.84,0.35
HCP000366,USR000018,PRD000036,Dr. Chad Scott,US-MI-W,South,PA,3,9,Pennsylvania,Indianapolis,Family Medicine,Preventive Medicine,B,Community Clinic,14,Virtual,Medium,outcomes-oriented researcher,Engaged,0,57.1,0.3
HCP000367,USR000007,PRD000048,Dr. Adam Burgess,US-NC-W,West,AK,0,0,Alaska,Miami,Pediatrics,Pediatric Emergency,A,Academic Medical Center,24,In-person,Medium,early adopter educator,Champion,1,80.06,0.18
HCP000368,USR000020,PRD000040,Dr. James Padilla,US-CA-S,South,ND,2,3,North Dakota,Tucson,Psychiatry,Addiction Medicine,B,Integrated Delivery Network,7,Virtual,Medium,cost-conscious prescriber,Engaged,5,61,0.22
HCP000369,USR000001,PRD000009,Dr. Sandra Drake,US-PA-E,South,NM,6,3,New Mexico,Tucson,Nephrology,Pediatric Nephrology,B,Academic Medical Center,8,Virtual,Medium,outcomes-oriented researcher,Champion,1,72.73,0.26
HCP000370,USR000012,PRD000013,Dr. Scott Williams,US-TX-S,North,GA,7,8,Georgia,Seattle,Psychiatry,Child Psychiatry,C,Private Practice,30,In-person,Medium,access-focused pragmatist,Champion,1,45.46,0.32
HCP000371,USR000005,PRD000002,Dr. Thomas Atkins,US-AZ-NW,South,WA,2,1,Washington,Mesa,Cardiology,Preventive Cardiology,B,Hospital Outpatient,9,In-person,Medium,data-driven skeptic,At-risk,0,62.19,0.38
HCP000372,USR000005,PRD000023,Dr. Laura Mckinney,US-TX-N,North,SD,3,4,South Dakota,Wichita,Endocrinology,Diabetes,C,Integrated Delivery Network,7,In-person,Medium,access-focused pragmatist,Prospect,3,36.77,0.42
HCP000373,USR000005,PRD000006,Dr. Brian Smith,US-NC-E,Central,DE,4,9,Delaware,New Orleans,Family Medicine,Urgent Care,C,Private Practice,27,Virtual,Low,data-driven skeptic,Engaged,1,31.03,0.39
HCP000374,USR000004,PRD000009,Dr. Robert Montgomery,US-IL-S,West,IL,3,6,Illinois,Memphis,Cardiology,Interventional Cardiology,C,Private Practice,6,Virtual,Low,cost-conscious prescriber,Engaged,1,40.9,0.49
HCP000375,USR000004,PRD000022,Dr. Tamara Davis,US-MI-E,North,GA,7,8,Georgia,Mesa,Family Medicine,Urgent Care,C,Hospital Outpatient,15,Virtual,Low,access-focused pragmatist,Engaged,2,37.27,0.34
HCP000376,USR000009,PRD000004,Dr. Dana Chapman,US-PA-W,North,SC,6,8,South Carolina,Jacksonville,Cardiology,Preventive Cardiology,B,Private Practice,7,Virtual,Medium,safety-first clinician,Champion,5,56.56,0.27
HCP000377,USR000010,PRD000032,Dr. Jennifer Collins,US-FL-S,Central,WY,3,3,Wyoming,Charlotte,Family Medicine,Geriatrics,B,Integrated Delivery Network,24,In-person,Medium,cost-conscious prescriber,Prospect,2,51.72,0.32
HCP000378,USR000016,PRD000035,Dr. Gary Jackson,US-MI-W,West,VT,1,10,Vermont,Dallas,Dermatology,Cosmetic Dermatology,B,Hospital Outpatient,21,Virtual,Medium,safety-first clinician,Champion,1,75.71,0.29
HCP000379,USR000004,PRD000009,Dr. Ashley Hicks,US-IL-N,West,TN,5,7,Tennessee,Baltimore,Pulmonology,Interventional Pulmonology,B,Integrated Delivery Network,7,Virtual,High,early adopter educator,Adopter,3,52.06,0.31
HCP000380,USR000004,PRD000040,Dr. Hannah Luna,US-TX-S,Central,WI,2,5,Wisconsin,Charlotte,Dermatology,Pediatric Dermatology,C,Private Practice,25,In-person,Low,access-focused pragmatist,Champion,5,48.45,0.34
HCP000381,USR000010,PRD000005,Dr. Robin Young,US-NJ-SE,Central,RI,2,11,Rhode Island,San Antonio,Pulmonology,Interventional Pulmonology,A,Private Practice,8,In-person,Medium,cost-conscious prescriber,Adopter,0,74.48,0.28
HCP000382,USR000020,PRD000019,Dr. Craig Morrison,US-NY-W,East,CO,4,3,Colorado,San Diego,Pulmonology,Pediatric Pulmonology,A,Academic Medical Center,11,Virtual,High,early adopter educator,Prospect,0,89.36,0.13
HCP000383,USR000016,PRD000014,Dr. Mary Thompson,US-CA-S,East,NM,6,3,New Mexico,Wichita,Family Medicine,Preventive Medicine,A,Academic Medical Center,15,In-person,High,cost-conscious prescriber,Prospect,0,89.63,0.2
HCP000384,USR000003,PRD000049,Dr. Kathleen Webster,US-NC-W,West,WV,4,7,West Virginia,Oklahoma City,Psychiatry,Forensic Psychiatry,C,Private Practice,22,In-person,Low,safety-first clinician,Prospect,0,47.63,0.46
HCP000385,USR000017,PRD000041,Dr. Joann Glass,US-NY-E,Central,WV,4,7,West Virginia,Minneapolis,Urology,Pediatric Urology,B,Integrated Delivery Network,16,In-person,Medium,outcomes-oriented researcher,Champion,4,67.13,0.38
HCP000386,USR000007,PRD000022,Dr. Madison Weber,US-AZ-NW,South,ME,0,11,Maine,Washington,Psychiatry,Forensic Psychiatry,C,Community Clinic,19,In-person,Low,safety-first clinician,Prospect,4,59.86,0.36
HCP000387,USR000018,PRD000036,Dr. Lori Hernandez,US-PA-E,Central,FL,8,8,Florida,Atlanta,Endocrinology,Pediatric Endocrinology,A,Integrated Delivery Network,8,Virtual,High,safety-first clinician,Engaged,1,72.26,0.23
HCP000388,USR000020,PRD000018,Dr. Jeremy Turner,US-PA-E,East,SC,6,8,South Carolina,Indianapolis,Endocrinology,Reproductive Endocrinology,C,Integrated Delivery Network,13,Virtual,Low,access-focused pragmatist,Champion,5,53.9,0.37
HCP000389,USR000018,PRD000032,Dr. Anthony Romero,US-CO-W,North,MI,2,7,Michigan,Arlington,Dermatology,Cosmetic Dermatology,A,Integrated Delivery Network,26,In-person,Medium,safety-first clinician,At-risk,1,86.36,0.27
HCP000390,USR000004,PRD000013,Dr. Jesse Brown,US-TX-S,South,OH,3,8,Ohio,Kansas City,Urology,Female Urology,A,Community Clinic,13,Virtual,High,safety-first clinician,Champion,1,76.19,0.17
HCP000391,USR000012,PRD000050,Dr. Angela Lin,US-CA-N,West,VA,5,8,Virginia,Los Angeles,Nephrology,Transplant Nephrology,B,Integrated Delivery Network,10,In-person,Medium,early adopter educator,Prospect,0,51.44,0.39
HCP000392,USR000002,PRD000025,Dr. Lisa Hunter,US-PA-W,West,ID,3,2,Idaho,Seattle,Cardiology,Preventive Cardiology,C,Integrated Delivery Network,30,Virtual,Low,early adopter educator,Champion,3,41.43,0.4
HCP000393,USR000016,PRD000040,Dr. Julian Conner,US-UT-W,South,MS,6,6,Mississippi,Oakland,Urology,Pediatric Urology,B,Hospital Outpatient,9,In-person,High,outcomes-oriented researcher,Adopter,2,52.18,0.24
HCP000394,USR000006,PRD000050,Dr. Joanna Pacheco,US-PA-E,South,FL,8,8,Florida,San Jose,Oncology,Pediatric Oncology,B,Academic Medical Center,24,In-person,Medium,cost-conscious prescriber,Prospect,2,65.27,0.23
HCP000395,USR000017,PRD000010,Dr. Erica Alvarez,US-NJ-SE,East,FL,8,8,Florida,Mesa,Endocrinology,Reproductive Endocrinology,A,Community Clinic,28,In-person,High,data-driven skeptic,Engaged,2,86.11,0.14
HCP000396,USR000020,PRD000026,Dr. Antonio Garcia,US-GA-W,North,WA,2,1,Washington,Los Angeles,Oncology,Radiation Oncology,B,Community Clinic,30,In-person,High,safety-first clinician,Champion,3,63.39,0.35
HCP000397,USR000007,PRD000021,Dr. Gwendolyn Klein,US-CA-N,North,DE,4,9,Delaware,Jacksonville,Obstetrics & Gynecology,Maternal-Fetal Medicine,B,Hospital Outpatient,5,In-person,Medium,access-focused pragmatist,Champion,2,57.82,0.3
HCP000398,USR000012,PRD000006,Dr. Carrie Wright,US-MI-E,West,MS,6,6,Mississippi,Chicago,Oncology,Radiation Oncology,A,Community Clinic,17,In-person,High,early adopter educator,At-risk,0,71.32,0.19
HCP000399,USR000018,PRD000015,Dr. Jeffrey Mills,US-CA-N,East,PA,3,9,Pennsylvania,Nashville,Rheumatology,Pediatric Rheumatology,A,Hospital Outpatient,26,Virtual,High,early adopter educator,Engaged,4,89.12,0.15
HCP000400,USR000002,PRD000008,Dr. Jake Campbell,US-IL-N,Central,NE,4,4,Nebraska,Baltimore,Rheumatology,Osteoporosis,B,Hospital Outpatient,19,In-person,Medium,cost-conscious prescriber,Prospect,5,67.55,0.3
HCP000401,USR000002,PRD000042,Dr. George Harper,US-FL-N,Central,OK,6,4,Oklahoma,Omaha,Urology,Female Urology,C,Private Practice,30,Virtual,Medium,cost-conscious prescriber,Engaged,2,41.55,0.49
HCP000402,USR000001,PRD000031,Dr. Maria Jones,US-MI-E,East,NC,5,9,North Carolina,Louisville,Endocrinology,Thyroid Disorders,C,Hospital Outpatient,23,In-person,Low,access-focused pragmatist,At-risk,2,30.74,0.44
HCP000403,USR000019,PRD000036,Dr. Michael Mitchell,US-MI-E,South,OR,4,1,Oregon,Kansas City,Family Medicine,Sports Medicine,C,Hospital Outpatient,5,In-person,Low,data-driven skeptic,Prospect,0,52.55,0.42
HCP000404,USR000016,PRD000037,Dr. Mary Escobar,US-AZ-NW,Central,MI,2,7,Michigan,Phoenix,Endocrinology,Pediatric Endocrinology,C,Hospital Outpatient,10,Virtual,Low,data-driven skeptic,At-risk,5,57.94,0.37
HCP000405,USR000013,PRD000009,Dr. Felicia Aguilar,US-PA-E,South,CO,4,3,Colorado,Minneapolis,Obstetrics & Gynecology,Maternal-Fetal Medicine,B,Integrated Delivery Network,30,In-person,High,safety-first clinician,Prospect,4,54.19,0.34
HCP000406,USR000020,PRD000049,Dr. Gregory Ponce,US-NC-W,Central,NY,2,9,New York,Las Vegas,Obstetrics & Gynecology,Gynecologic Oncology,C,Hospital Outpatient,10,Virtual,Low,early adopter educator,Engaged,5,33.06,0.48
HCP000407,USR000009,PRD000037,Dr. Jenna Larson,US-CA-S,South,CT,3,11,Connecticut,Tampa,Endocrinology,Reproductive Endocrinology,B,Hospital Outpatient,14,In-person,High,data-driven skeptic,Engaged,5,62.03,0.39
HCP000408,USR000008,PRD000016,Dr. Emily Bennett,US-CA-S,West,AK,0,0,Alaska,Atlanta,Cardiology,Electrophysiology,B,Private Practice,5,In-person,High,safety-first clinician,Engaged,1,63.22,0.25
HCP000409,USR000006,PRD000048,Dr. Robin Santiago,US-NC-E,South,NM,6,3,New Mexico,Raleigh,Pulmonology,Sleep Medicine,A,Hospital Outpatient,29,Virtual,High,cost-conscious prescriber,Adopter,3,78.58,0.17
HCP000410,USR000013,PRD000022,Dr. Nancy Jennings,US-UT-W,South,MO,4,5,Missouri,Nashville,Pediatrics,Pediatric Cardiology,C,Private Practice,24,Virtual,Medium,early adopter educator,Prospect,0,42.96,0.31
HCP000411,USR000017,PRD000028,Dr. Maria Henderson,US-NY-E,East,AL,6,7,Alabama,El Paso,Dermatology,Dermatopathology,B,Private Practice,30,In-person,High,cost-conscious prescriber,Champion,3,56.67,0.24
HCP000412,USR000010,PRD000002,Dr. Jack White,US-OH-N,North,MS,6,6,Mississippi,Austin,Rheumatology,Arthritis,C,Hospital Outpatient,23,Virtual,Low,access-focused pragmatist,Adopter,2,38.77,0.36
HCP000413,USR000013,PRD000015,Dr. Travis Tucker,US-PA-W,East,VA,5,8,Virginia,San Antonio,Oncology,Surgical Oncology,C,Academic Medical Center,9,Virtual,Medium,data-driven skeptic,At-risk,1,50.52,0.34
HCP000414,USR000004,PRD000011,Dr. Chad Jones,US-CO-W,West,LA,6,5,Louisiana,San Francisco,Urology,Female Urology,B,Academic Medical Center,9,In-person,High,safety-first clinician,Engaged,3,75.2,0.31
HCP000415,USR000019,PRD000049,Dr. Ashley Wise,US-NJ-SE,South,TN,5,7,Tennessee,Raleigh,Rheumatology,Osteoporosis,B,Hospital Outpatient,25,In-person,High,access-focused pragmatist,Adopter,4,62.93,0.3
HCP000416,USR000005,PRD000049,Dr. Sophia Johnson,US-NY-E,Central,NY,2,9,New York,Tampa,Family Medicine,Geriatrics,B,Community Clinic,5,Virtual,Medium,safety-first clinician,At-risk,1,53.21,0.36
HCP000417,USR000017,PRD000001,Dr. Ralph Anderson,US-PA-W,Central,OH,3,8,Ohio,Columbus,Family Medicine,Urgent Care,B,Community Clinic,9,Virtual,Low,cost-conscious prescriber,Champion,0,78.59,0.25
HCP000418,USR000003,PRD000009,Dr. Christopher Guerra,US-CO-W,North,CT,3,11,Connecticut,Wichita,Urology,Oncologic Urology,C,Hospital Outpatient,19,In-person,Low,early adopter educator,Prospect,3,56.94,0.49
HCP000419,USR000008,PRD000023,Dr. Rhonda Martin,US-OH-N,Central,ME,0,11,Maine,Seattle,Endocrinology,Thyroid Disorders,C,Integrated Delivery Network,30,In-person,Low,access-focused pragmatist,At-risk,5,50.37,0.35
HCP000420,USR000002,PRD000029,Dr. Jason Rhodes,US-TX-S,Central,IA,3,5,Iowa,Minneapolis,Pediatrics,Neonatology,C,Academic Medical Center,7,In-person,Medium,safety-first clinician,Adopter,0,37.82,0.32
HCP000421,USR000010,PRD000002,Dr. Jeremy Mitchell,US-GA-W,East,WA,2,1,Washington,Omaha,Oncology,Medical Oncology,C,Academic Medical Center,6,In-person,Medium,data-driven skeptic,Adopter,1,39.18,0.4
HCP000422,USR000017,PRD000047,Dr. Joann Ferguson,US-TX-S,East,LA,6,5,Louisiana,Fresno,Oncology,Pediatric Oncology,B,Community Clinic,17,In-person,Medium,access-focused pragmatist,Champion,3,67.86,0.38
HCP000423,USR000008,PRD000045,Dr. Robert Harrison,US-NJ-SE,South,KY,4,6,Kentucky,Seattle,Oncology,Surgical Oncology,A,Integrated Delivery Network,18,Virtual,High,outcomes-oriented researcher,Adopter,2,88.4,0.16
HCP000424,USR000010,PRD000042,Dr. Holly Valentine,US-AZ-NW,East,WI,2,5,Wisconsin,Colorado Springs,Dermatology,Cosmetic Dermatology,C,Private Practice,15,Virtual,Medium,safety-first clinician,Adopter,2,43.66,0.4
HCP000425,USR000013,PRD000010,Dr. Mrs. Diane Reyes,US-CA-N,East,NE,4,4,Nebraska,Denver,Pediatrics,Neonatology,B,Hospital Outpatient,16,In-person,Medium,access-focused pragmatist,Engaged,0,62.47,0.25
HCP000426,USR000018,PRD000034,Dr. Tracy Montoya,US-CO-W,East,MO,4,5,Missouri,Wichita,Oncology,Medical Oncology,A,Hospital Outpatient,20,Virtual,High,early adopter educator,Prospect,5,77.27,0.27
HCP000427,USR000016,PRD000018,Dr. Brenda Wright,US-UT-W,East,NH,1,11,New Hampshire,San Diego,Cardiology,Electrophysiology,B,Academic Medical Center,27,In-person,High,outcomes-oriented researcher,Adopter,3,68.95,0.31
HCP000428,USR000003,PRD000020,Dr. Shelly Spencer,US-CA-N,Central,CO,4,3,Colorado,Raleigh,Cardiology,Interventional Cardiology,A,Community Clinic,13,In-person,High,access-focused pragmatist,Adopter,2,93.32,0.13
HCP000429,USR000018,PRD000020,Dr. Ryan Rosales,US-NY-W,North,MD,4,8,Maryland,Chicago,Obstetrics & Gynecology,Reproductive Endocrinology,B,Academic Medical Center,24,Virtual,Low,early adopter educator,At-risk,4,79.19,0.2
HCP000430,USR000010,PRD000049,Dr. Phillip Nelson,US-TX-S,Central,DE,4,9,Delaware,San Francisco,Cardiology,Electrophysiology,C,Community Clinic,26,Virtual,Low,outcomes-oriented researcher,Engaged,2,49.06,0.31
HCP000431,USR000001,PRD000003,Dr. Brittany Kim,US-NY-E,North,NV,4,2,Nevada,Cleveland,Cardiology,Electrophysiology,B,Hospital Outpatient,10,Virtual,Medium,access-focused pragmatist,Champion,1,73.7,0.32
HCP000432,USR000008,PRD000050,Dr. Courtney Hayes,US-MI-E,South,NC,5,9,North Carolina,Atlanta,Oncology,Radiation Oncology,C,Academic Medical Center,5,In-person,Low,outcomes-oriented researcher,At-risk,3,32.42,0.43
HCP000433,USR000014,PRD000035,Dr. Alexander Brown,US-OH-S,West,NY,2,9,New York,Tulsa,Dermatology,Pediatric Dermatology,C,Private Practice,13,Virtual,Medium,safety-first clinician,Prospect,1,46.13,0.42
HCP000434,USR000006,PRD000023,Dr. Cynthia Vang,US-MN-SE,East,SC,6,8,South Carolina,Los Angeles,Obstetrics & Gynecology,Urogynecology,C,Community Clinic,7,In-person,Low,cost-conscious prescriber,Engaged,3,46.26,0.39
HCP000435,USR000003,PRD000042,Dr. Alfred Galvan,US-OH-S,North,NV,4,2,Nevada,Portland,Pulmonology,Sleep Medicine,B,Academic Medical Center,7,Virtual,High,access-focused pragmatist,Champion,3,68.23,0.22
HCP000436,USR000013,PRD000038,Dr. Marie Moody,US-TX-S,Central,ND,2,3,North Dakota,Chicago,Pediatrics,Pediatric Cardiology,B,Integrated Delivery Network,9,In-person,Medium,cost-conscious prescriber,At-risk,3,74.45,0.25
HCP000437,USR000018,PRD000023,Dr. Dustin Gallegos,US-FL-N,West,NC,5,9,North Carolina,Colorado Springs,Cardiology,Interventional Cardiology,C,Hospital Outpatient,17,Virtual,Low,data-driven skeptic,Prospect,4,37.07,0.44
HCP000438,USR000011,PRD000024,Dr. Brenda Thornton,US-PA-E,South,IL,3,6,Illinois,San Francisco,Family Medicine,Urgent Care,B,Hospital Outpatient,22,In-person,Medium,early adopter educator,Prospect,0,55.75,0.29
HCP000439,USR000019,PRD000009,Dr. Aaron Miller,US-PA-E,West,UT,5,4,Utah,Denver,Family Medicine,Geriatrics,C,Private Practice,22,In-person,Low,cost-conscious prescriber,Prospect,0,58.04,0.45
HCP000440,USR000007,PRD000004,Dr. Ruben Dunn,US-UT-W,South,WI,2,5,Wisconsin,Oklahoma City,Pediatrics,Neonatology,A,Hospital Outpatient,28,Virtual,High,cost-conscious prescriber,Engaged,4,81.18,0.14
HCP000441,USR000006,PRD000032,Dr. Kelsey Rodriguez,US-IL-S,West,KS,5,5,Kansas,New Orleans,Endocrinology,Pediatric Endocrinology,B,Community Clinic,8,In-person,High,outcomes-oriented researcher,Champion,3,71.93,0.22
HCP000442,USR000010,PRD000035,Dr. Eric Williams,US-GA-W,North,CA,5,2,California,Mesa,Urology,Female Urology,B,Hospital Outpatient,19,In-person,Medium,outcomes-oriented researcher,Adopter,5,55.51,0.36
HCP000443,USR000008,PRD000003,Dr. Riley Bryant,US-PA-E,South,AK,0,0,Alaska,Detroit,Oncology,Pediatric Oncology,C,Community Clinic,29,In-person,Medium,outcomes-oriented researcher,Adopter,4,51.07,0.43
HCP000444,USR000018,PRD000014,Dr. Taylor Carlson,US-OH-S,East,UT,5,4,Utah,Memphis,Pulmonology,Sleep Medicine,A,Community Clinic,21,Virtual,High,safety-first clinician,At-risk,2,79.4,0.25
HCP000445,USR000018,PRD000048,Dr. Jose Allen,US-TX-N,West,MA,2,10,Massachusetts,Houston,Cardiology,Electrophysiology,B,Community Clinic,30,In-person,Medium,cost-conscious prescriber,Champion,4,53.54,0.35
HCP000446,USR000019,PRD000017,Dr. Jeffrey Mendez,US-FL-S,North,KS,5,5,Kansas,Austin,Urology,Female Urology,B,Integrated Delivery Network,7,In-person,High,data-driven skeptic,Champion,0,72.3,0.34
HCP000447,USR000018,PRD000013,Dr. Jason Beck,US-IL-S,West,RI,2,11,Rhode Island,Albuquerque,Endocrinology,Pediatric Endocrinology,B,Private Practice,9,In-person,Medium,early adopter educator,Prospect,2,67,0.33
HCP000448,USR000014,PRD000045,Dr. William Jones,US-CO-W,North,MT,2,2,Montana,Milwaukee,Urology,Pediatric Urology,B,Community Clinic,16,In-person,High,cost-conscious prescriber,Engaged,0,64.97,0.22
HCP000449,USR000008,PRD000032,Dr. Katie Mcneil,US-TX-S,East,AL,6,7,Alabama,Philadelphia,Rheumatology,Arthritis,B,Private Practice,28,Virtual,Medium,safety-first clinician,Prospect,1,75.27,0.24
HCP000450,USR000004,PRD000017,Dr. Jeanette Harrison,US-CA-N,East,MN,2,4,Minnesota,Miami,Family Medicine,Sports Medicine,A,Private Practice,14,In-person,High,cost-conscious prescriber,At-risk,1,92.22,0.24
HCP000451,USR000010,PRD000024,Dr. Veronica King,US-NJ-SE,South,UT,5,4,Utah,San Diego,Pediatrics,Neonatology,B,Hospital Outpatient,29,Virtual,Medium,data-driven skeptic,At-risk,5,55.29,0.39
HCP000452,USR000019,PRD000019,Dr. Richard Cooper,US-PA-W,West,IL,3,6,Illinois,Chicago,Family Medicine,Geriatrics,B,Hospital Outpatient,30,Virtual,Medium,safety-first clinician,Champion,4,56.47,0.24
HCP000453,USR000015,PRD000019,Dr. Lori Ingram,US-NY-E,North,AK,0,0,Alaska,Minneapolis,Pediatrics,Pediatric Cardiology,C,Integrated Delivery Network,18,In-person,Low,safety-first clinician,Adopter,3,46.5,0.42
HCP000454,USR000002,PRD000015,Dr. Evelyn Williams,US-FL-S,East,UT,5,4,Utah,El Paso,Dermatology,Dermatopathology,A,Academic Medical Center,22,Virtual,High,outcomes-oriented researcher,Champion,2,77.58,0.23
HCP000455,USR000020,PRD000037,Dr. Robin Thompson,US-NY-E,North,MI,2,7,Michigan,Fresno,Pulmonology,Critical Care,C,Private Practice,26,In-person,Low,data-driven skeptic,Engaged,2,45.27,0.31
HCP000456,USR000014,PRD000015,Dr. Julie Dominguez,US-CO-W,Central,IN,3,7,Indiana,San Diego,Urology,Reconstructive Urology,C,Hospital Outpatient,13,In-person,Low,access-focused pragmatist,At-risk,1,56.44,0.37
HCP000457,USR000012,PRD000002,Dr. Robin Brown,US-NC-W,East,AK,0,0,Alaska,San Diego,Family Medicine,Sports Medicine,A,Community Clinic,21,In-person,High,access-focused pragmatist,Champion,3,79.18,0.21
HCP000458,USR000013,PRD000012,Dr. Judith Carter,US-PA-E,West,TN,5,7,Tennessee,Louisville,Endocrinology,Thyroid Disorders,B,Integrated Delivery Network,21,Virtual,Medium,access-focused pragmatist,Engaged,1,70.55,0.34
HCP000459,USR000014,PRD000034,Dr. Curtis Williams,US-CO-W,South,NC,5,9,North Carolina,New Orleans,Cardiology,Heart Failure,B,Community Clinic,16,Virtual,High,early adopter educator,Champion,5,66.14,0.3
HCP000460,USR000007,PRD000001,Dr. Kaylee Hays,US-CA-N,West,UT,5,4,Utah,Jacksonville,Cardiology,Interventional Cardiology,B,Private Practice,24,Virtual,Medium,data-driven skeptic,At-risk,5,62.42,0.34
HCP000461,USR000018,PRD000009,Dr. Dawn Mullins,US-TX-S,South,AK,0,0,Alaska,Portland,Cardiology,Heart Failure,B,Academic Medical Center,6,Virtual,Medium,data-driven skeptic,Prospect,3,57.21,0.29
HCP000462,USR000005,PRD000034,Dr. Howard Norman,US-IL-N,North,WI,2,5,Wisconsin,Miami,Dermatology,Pediatric Dermatology,B,Academic Medical Center,27,Virtual,Low,safety-first clinician,Prospect,4,71.54,0.32
HCP000463,USR000008,PRD000024,Dr. Evelyn Martinez,US-IL-S,Central,WA,2,1,Washington,Memphis,Cardiology,Electrophysiology,B,Community Clinic,7,Virtual,Medium,safety-first clinician,Engaged,4,75,0.29
HCP000464,USR000016,PRD000034,Dr. Steve Paul,US-PA-E,North,ME,0,11,Maine,Jacksonville,Pulmonology,Critical Care,B,Community Clinic,20,In-person,Low,access-focused pragmatist,Prospect,2,73.89,0.32
HCP000465,USR000006,PRD000032,Dr. Jasmine Beltran,US-PA-E,Central,CT,3,11,Connecticut,Raleigh,Pulmonology,Pediatric Pulmonology,C,Integrated Delivery Network,16,In-person,Medium,cost-conscious prescriber,At-risk,0,52.06,0.46
HCP000466,USR000020,PRD000014,Dr. Jonathan Glass MD,US-TX-S,South,WV,4,7,West Virginia,Phoenix,Urology,Female Urology,C,Academic Medical Center,30,In-person,Low,cost-conscious prescriber,Prospect,3,32.27,0.42
HCP000467,USR000012,PRD000030,Dr. Monica Miller,US-MN-SE,East,CT,3,11,Connecticut,San Francisco,Family Medicine,Sports Medicine,C,Community Clinic,24,In-person,Low,cost-conscious prescriber,Adopter,2,48.67,0.39
HCP000468,USR000003,PRD000017,Dr. Samantha Gardner,US-AZ-NW,North,SC,6,8,South Carolina,Tulsa,Cardiology,Electrophysiology,B,Academic Medical Center,7,In-person,Medium,early adopter educator,At-risk,3,76.5,0.39
HCP000469,USR000012,PRD000005,Dr. Bobby Guerrero,US-OH-S,West,OR,4,1,Oregon,New Orleans,Pulmonology,Critical Care,C,Hospital Outpatient,15,Virtual,Low,outcomes-oriented researcher,Adopter,3,45.51,0.32
HCP000470,USR000001,PRD000027,Dr. Lance Simmons,US-MI-E,South,MD,4,8,Maryland,Arlington,Pulmonology,Interventional Pulmonology,A,Hospital Outpatient,24,In-person,High,early adopter educator,Prospect,3,71.64,0.24
HCP000471,USR000004,PRD000012,Dr. Heather Williams,US-PA-E,West,AL,6,7,Alabama,Oklahoma City,Nephrology,Transplant Nephrology,A,Hospital Outpatient,21,Virtual,High,cost-conscious prescriber,Champion,0,72.12,0.26
HCP000472,USR000002,PRD000033,Dr. Heather Bolton,US-FL-N,Central,ID,3,2,Idaho,Detroit,Endocrinology,Thyroid Disorders,C,Integrated Delivery Network,6,Virtual,Low,outcomes-oriented researcher,Engaged,1,36.28,0.41
HCP000473,USR000006,PRD000039,Dr. William Gould,US-CA-N,South,TN,5,7,Tennessee,Omaha,Oncology,Medical Oncology,A,Academic Medical Center,25,In-person,Medium,outcomes-oriented researcher,Engaged,4,83.87,0.28
HCP000474,USR000001,PRD000007,Dr. Mark Cox,US-CA-N,East,CT,3,11,Connecticut,Virginia Beach,Psychiatry,Geriatric Psychiatry,B,Community Clinic,8,In-person,Medium,access-focused pragmatist,Engaged,3,65.57,0.4
HCP000475,USR000014,PRD000004,Dr. Meghan Cisneros,US-CO-W,South,OK,6,4,Oklahoma,Austin,Urology,Oncologic Urology,B,Private Practice,9,In-person,High,cost-conscious prescriber,Prospect,5,58.56,0.31
HCP000476,USR000001,PRD000045,Dr. Lawrence Harrington,US-NJ-SE,North,MN,2,4,Minnesota,Oklahoma City,Nephrology,Transplant Nephrology,B,Private Practice,8,In-person,Medium,access-focused pragmatist,Engaged,0,72.43,0.31
HCP000477,USR000014,PRD000013,Dr. Austin Osborne,US-FL-S,Central,SD,3,4,South Dakota,San Francisco,Dermatology,Cosmetic Dermatology,C,Integrated Delivery Network,12,In-person,Low,early adopter educator,Adopter,5,32.6,0.43
HCP000478,USR000008,PRD000024,Dr. James Bradley,US-PA-E,Central,KY,4,6,Kentucky,Fort Worth,Urology,Pediatric Urology,C,Community Clinic,19,Virtual,Low,safety-first clinician,At-risk,3,53.07,0.48
HCP000479,USR000006,PRD000027,Dr. Meghan Rush,US-PA-E,West,NJ,3,10,New Jersey,Fresno,Oncology,Surgical Oncology,A,Community Clinic,10,Virtual,High,safety-first clinician,Adopter,0,76.2,0.11
HCP000480,USR000010,PRD000041,Dr. Phillip Berry,US-PA-W,North,MA,2,10,Massachusetts,Portland,Pulmonology,Pediatric Pulmonology,B,Private Practice,10,In-person,Medium,data-driven skeptic,At-risk,1,74.23,0.34
HCP000481,USR000003,PRD000050,Dr. Jennifer Banks,US-PA-W,West,IA,3,5,Iowa,Tucson,Pulmonology,Interventional Pulmonology,C,Academic Medical Center,30,In-person,Low,access-focused pragmatist,Prospect,1,43.49,0.45
HCP000482,USR000020,PRD000041,Dr. Brian Fitzgerald,US-TX-N,East,MA,2,10,Massachusetts,Minneapolis,Urology,Female Urology,C,Hospital Outpatient,10,Virtual,Low,cost-conscious prescriber,Adopter,3,42.26,0.39
HCP000483,USR000001,PRD000033,Dr. Mr. Justin Green III,US-AZ-NW,South,IL,3,6,Illinois,Austin,Oncology,Surgical Oncology,B,Academic Medical Center,23,In-person,Medium,access-focused pragmatist,At-risk,3,72.33,0.23
HCP000484,USR000005,PRD000029,Dr. Zachary Mitchell,US-NC-W,East,AL,6,7,Alabama,Milwaukee,Pediatrics,Neonatology,B,Private Practice,28,Virtual,High,outcomes-oriented researcher,Prospect,0,72.57,0.2
HCP000485,USR000010,PRD000011,Dr. Katherine Martinez,US-PA-E,South,OK,6,4,Oklahoma,Louisville,Cardiology,Heart Failure,B,Integrated Delivery Network,14,Virtual,High,cost-conscious prescriber,Adopter,1,69.86,0.27
HCP000486,USR000018,PRD000003,Dr. Jodi Roach,US-AZ-NW,West,OR,4,1,Oregon,Dallas,Rheumatology,Arthritis,B,Academic Medical Center,5,Virtual,Medium,data-driven skeptic,At-risk,4,52.96,0.25
HCP000487,USR000008,PRD000043,Dr. Brandon Fleming,US-TX-S,North,PA,3,9,Pennsylvania,Denver,Cardiology,Heart Failure,C,Private Practice,20,Virtual,Medium,safety-first clinician,Engaged,4,47.88,0.32
HCP000488,USR000019,PRD000019,Dr. Emma Reed,US-CO-W,West,MO,4,5,Missouri,Virginia Beach,Endocrinology,Reproductive Endocrinology,C,Integrated Delivery Network,9,In-person,Low,cost-conscious prescriber,Engaged,2,43.26,0.33
HCP000489,USR000012,PRD000027,Dr. Joshua Vance,US-NY-E,Central,MI,2,7,Michigan,New York,Oncology,Medical Oncology,C,Academic Medical Center,19,Virtual,Low,early adopter educator,Adopter,5,45.55,0.42
HCP000490,USR000004,PRD000004,Dr. Michelle Ho,US-NY-E,North,VT,1,10,Vermont,Tucson,Dermatology,Dermatopathology,A,Private Practice,6,Virtual,Medium,outcomes-oriented researcher,At-risk,3,85.27,0.15
HCP000491,USR000004,PRD000031,Dr. Rebecca Hicks,US-IL-S,West,TN,5,7,Tennessee,Cleveland,Oncology,Pediatric Oncology,B,Hospital Outpatient,9,In-person,Low,cost-conscious prescriber,Adopter,0,64.46,0.3
HCP000492,USR000013,PRD000033,Dr. Curtis Taylor,US-OH-S,South,SD,3,4,South Dakota,Tampa,Endocrinology,Diabetes,B,Private Practice,14,In-person,Medium,early adopter educator,Engaged,0,57.64,0.4
HCP000493,USR000017,PRD000039,Dr. Allison Spencer,US-TX-N,Central,AZ,5,3,Arizona,Austin,Cardiology,Electrophysiology,B,Community Clinic,21,Virtual,Medium,access-focused pragmatist,Engaged,2,55.39,0.22
HCP000494,USR000006,PRD000034,Dr. Robert Arnold,US-TX-N,South,NE,4,4,Nebraska,New York,Pediatrics,Neonatology,B,Hospital Outpatient,29,In-person,Medium,data-driven skeptic,Adopter,1,79.26,0.39
HCP000495,USR000011,PRD000025,Dr. Angelica Parker,US-PA-W,South,TN,5,7,Tennessee,Jacksonville,Pediatrics,Pediatric Cardiology,C,Hospital Outpatient,17,In-person,Low,cost-conscious prescriber,Engaged,1,41.71,0.32
HCP000496,USR000015,PRD000025,Dr. Dr. Kelly Hammond DVM,US-MI-E,Central,MO,4,5,Missouri,Wichita,Rheumatology,Arthritis,A,Hospital Outpatient,13,In-person,Medium,data-driven skeptic,Engaged,4,80.03,0.27
HCP000497,USR000004,PRD000048,Dr. William Day,US-IL-S,Central,VT,1,10,Vermont,Philadelphia,Family Medicine,Preventive Medicine,B,Community Clinic,20,In-person,Low,cost-conscious prescriber,Prospect,2,74.44,0.25
HCP000498,USR000008,PRD000038,Dr. Michael Cooper,US-NC-E,South,NY,2,9,New York,San Francisco,Pulmonology,Critical Care,A,Private Practice,7,In-person,High,outcomes-oriented researcher,Adopter,2,80.87,0.14
HCP000499,USR000018,PRD000010,Dr. Penny Bowman,US-MN-SE,South,FL,8,8,Florida,Sacramento,Pediatrics,Neonatology,C,Community Clinic,18,In-person,Low,safety-first clinician,Adopter,2,43.82,0.48
HCP000500,USR000004,PRD000038,Dr. Vincent Reynolds,US-OH-S,North,IA,3,5,Iowa,Colorado Springs,Family Medicine,Sports Medicine,A,Hospital Outpatient,29,In-person,High,data-driven skeptic,Champion,2,89.13,0.17
